CaseId;DocumentId;PdfViewUrl;PdfOpenLinkSv;PdfOpenLinkEn;ProjectId;OrganisationId;Kommun;Myndighetstyp;Myndighet;Diarienummer;Dokumenttyp;Dokumentdatum;KallaFil;Kallrubrik;CaseReviewStatus;ValidatedBy;ValidatedAt;Notes
ADMIN-INDEX-2026-02-27-00000000125C043F57453246863FE664CAFE6A3F0700950291EA24F0614FB6ACEDB12BF0E31D00000000010C0000950291EA24F0614FB6ACEDB12BF0E31D00002087B1E10000;cmm4yumxa005ecuqwd2rfqss7;http://localhost:8787/api/admin/requirements/documents/cmm4yumxa005ecuqwd2rfqss7/view;"=HYPERLÄNK(""http://localhost:8787/api/admin/requirements/documents/cmm4yumxa005ecuqwd2rfqss7/view"";""Öppna PDF"")";"=HYPERLINK(""http://localhost:8787/api/admin/requirements/documents/cmm4yumxa005ecuqwd2rfqss7/view"",""Open PDF"")";cmm55w57p0004cuisfrtpqly8;cmm4xvu980000cuh4vj0usz09;Västerviks;Kommun;Västerviks kommun;2024-05;Anmalan;2026-02-02;2024-786 Anmälan.pdf;Sv: till registrator;AUTO;;;AUTO_GENERERAD. Bekrafta metadata mot kallfil.
ADMIN-INDEX-2026-02-27-00000000125C043F57453246863FE664CAFE6A3F0700950291EA24F0614FB6ACEDB12BF0E31D00000000010C0000950291EA24F0614FB6ACEDB12BF0E31D00002087B1D20000;cmm4yumyz0075cuqwsj0akxcx;http://localhost:8787/api/admin/requirements/documents/cmm4yumyz0075cuqwsj0akxcx/view;"=HYPERLÄNK(""http://localhost:8787/api/admin/requirements/documents/cmm4yumyz0075cuqwsj0akxcx/view"";""Öppna PDF"")";"=HYPERLINK(""http://localhost:8787/api/admin/requirements/documents/cmm4yumyz0075cuqwsj0akxcx/view"",""Open PDF"")";cmm55w57p0004cuisfrtpqly8;cmm4xvu980000cuh4vj0usz09;Falkenberg Postadress Falkenbergs;Kommun;Falkenberg Postadress Falkenbergs kommun;2025-02;Beslut;2026-02-03;M-2024-2727_2025-01-10_Beslut (MHF MHN)_Västra Gärdet 2 1.pdf;efterfrågade handlingar;AUTO;;;AUTO_GENERERAD. Bekrafta metadata mot kallfil.
ADMIN-INDEX-2026-02-27-00000000125C043F57453246863FE664CAFE6A3F0700950291EA24F0614FB6ACEDB12BF0E31D00000000010C0000950291EA24F0614FB6ACEDB12BF0E31D00002087B1DD0000;cmm4yumy7006ecuqwnx9sxuen;http://localhost:8787/api/admin/requirements/documents/cmm4yumy7006ecuqwnx9sxuen/view;"=HYPERLÄNK(""http://localhost:8787/api/admin/requirements/documents/cmm4yumy7006ecuqwnx9sxuen/view"";""Öppna PDF"")";"=HYPERLINK(""http://localhost:8787/api/admin/requirements/documents/cmm4yumy7006ecuqwnx9sxuen/view"",""Open PDF"")";cmm55w57p0004cuisfrtpqly8;cmm4xvu980000cuh4vj0usz09;;Kommun;;2024-06150267;Beslut;2026-02-02;Deponi 1301_177-2024-06150267_01 (1).pdf;Re: till registrator;AUTO;;;AUTO_GENERERAD. Bekrafta metadata mot kallfil.
ADMIN-INDEX-2026-02-27-00000000125C043F57453246863FE664CAFE6A3F0700950291EA24F0614FB6ACEDB12BF0E31D00000000010C0000950291EA24F0614FB6ACEDB12BF0E31D00002087B1D50000;cmm4yumye006kcuqwoqjb4otw;http://localhost:8787/api/admin/requirements/documents/cmm4yumye006kcuqwoqjb4otw/view;"=HYPERLÄNK(""http://localhost:8787/api/admin/requirements/documents/cmm4yumye006kcuqwoqjb4otw/view"";""Öppna PDF"")";"=HYPERLINK(""http://localhost:8787/api/admin/requirements/documents/cmm4yumye006kcuqwoqjb4otw/view"",""Open PDF"")";cmm55w57p0004cuisfrtpqly8;cmm4xvu980000cuh4vj0usz09;Furunäsets miljöcentral Överkalix;Kommun;Furunäsets miljöcentral Överkalix kommun;2020-09;Beslut;2026-02-03;Egenkontrollprogram FMC_sep 2020_med bilagor_200917.pdf;Sv: fråga om sophämtning;AUTO;;;AUTO_GENERERAD. Bekrafta metadata mot kallfil.
ADMIN-INDEX-2026-02-27-00000000125C043F57453246863FE664CAFE6A3F0700950291EA24F0614FB6ACEDB12BF0E31D00000000010C0000950291EA24F0614FB6ACEDB12BF0E31D00002087B5EE0000;cmm4yumvp003zcuqwqxlxa6rl;http://localhost:8787/api/admin/requirements/documents/cmm4yumvp003zcuqwqxlxa6rl/view;"=HYPERLÄNK(""http://localhost:8787/api/admin/requirements/documents/cmm4yumvp003zcuqwqxlxa6rl/view"";""Öppna PDF"")";"=HYPERLINK(""http://localhost:8787/api/admin/requirements/documents/cmm4yumvp003zcuqwqxlxa6rl/view"",""Open PDF"")";cmm55w57p0004cuisfrtpqly8;cmm4xvu980000cuh4vj0usz09;i Haparanda;Kommun;i Haparanda kommun;2025-12;Anmalan;2026-02-02;Sbn-2025-457-Beslut anmälan om miljöfarlig verksamhet.pdf;Förfrågan C-verksamheter;AUTO;;;AUTO_GENERERAD. Bekrafta metadata mot kallfil.
ADMIN-INDEX-2026-02-27-00000000125C043F57453246863FE664CAFE6A3F0700950291EA24F0614FB6ACEDB12BF0E31D00000000010C0000950291EA24F0614FB6ACEDB12BF0E31D00002087B5F30000;cmm4yumv4003hcuqw0spjrgud;http://localhost:8787/api/admin/requirements/documents/cmm4yumv4003hcuqw0spjrgud/view;"=HYPERLÄNK(""http://localhost:8787/api/admin/requirements/documents/cmm4yumv4003hcuqw0spjrgud/view"";""Öppna PDF"")";"=HYPERLINK(""http://localhost:8787/api/admin/requirements/documents/cmm4yumv4003hcuqw0spjrgud/view"",""Open PDF"")";cmm55w57p0004cuisfrtpqly8;cmm4xvu980000cuh4vj0usz09;;Kommun;;2026-01;Beslut;2026-02-02;MBN-2026-126-Övrigt-0840-106.pdf;VB: till registrator;AUTO;;;AUTO_GENERERAD. Bekrafta metadata mot kallfil.
ADMIN-INDEX-2026-02-27-00000000125C043F57453246863FE664CAFE6A3F0700950291EA24F0614FB6ACEDB12BF0E31D00000000010C0000950291EA24F0614FB6ACEDB12BF0E31D00002087B7B90000;cmm4yumue002wcuqwf5lxobhn;http://localhost:8787/api/admin/requirements/documents/cmm4yumue002wcuqwf5lxobhn/view;"=HYPERLÄNK(""http://localhost:8787/api/admin/requirements/documents/cmm4yumue002wcuqwf5lxobhn/view"";""Öppna PDF"")";"=HYPERLINK(""http://localhost:8787/api/admin/requirements/documents/cmm4yumue002wcuqwf5lxobhn/view"",""Open PDF"")";cmm55w57p0004cuisfrtpqly8;cmm4xvu980000cuh4vj0usz09;pdf Karlstads;Kommun;pdf Karlstads kommun;2025-12;Forelaggande;2026-02-02;MIL Föreläggande försiktighetsåtgärder (3).pdf;Ang. Begäran om utlämnande av allmän handling – Anmälningar och beslut rörande mellanlagring av avfall samt anläggning av ytor;AUTO;;;AUTO_GENERERAD. Bekrafta metadata mot kallfil.
ADMIN-INDEX-2026-02-27-00000000125C043F57453246863FE664CAFE6A3F0700950291EA24F0614FB6ACEDB12BF0E31D00000000010C0000950291EA24F0614FB6ACEDB12BF0E31D00002087B7BA0000;cmm4yumu4002ncuqwsv6yg2uz;http://localhost:8787/api/admin/requirements/documents/cmm4yumu4002ncuqwsv6yg2uz/view;"=HYPERLÄNK(""http://localhost:8787/api/admin/requirements/documents/cmm4yumu4002ncuqwsv6yg2uz/view"";""Öppna PDF"")";"=HYPERLINK(""http://localhost:8787/api/admin/requirements/documents/cmm4yumu4002ncuqwsv6yg2uz/view"",""Open PDF"")";cmm55w57p0004cuisfrtpqly8;cmm4xvu980000cuh4vj0usz09;;Kommun;;2021-07;Anmalan;2026-01-30;Miljö-2024-62-1_Bilaga 2. Fullständiga analysprotokoll.pdf;Sv:  Begäran om utlämnande av allmän handling – Anmälningar och beslut rörande mellanlagring av avfall samt anläggning av ytor;AUTO;;;AUTO_GENERERAD. Bekrafta metadata mot kallfil.
ADMIN-INDEX-2026-02-27-00000000125C043F57453246863FE664CAFE6A3F0700950291EA24F0614FB6ACEDB12BF0E31D00000000010C0000950291EA24F0614FB6ACEDB12BF0E31D00002087AE560000;cmm4yupsi02xhcuqwgbgcjc0r;http://localhost:8787/api/admin/requirements/documents/cmm4yupsi02xhcuqwgbgcjc0r/view;"=HYPERLÄNK(""http://localhost:8787/api/admin/requirements/documents/cmm4yupsi02xhcuqwgbgcjc0r/view"";""Öppna PDF"")";"=HYPERLINK(""http://localhost:8787/api/admin/requirements/documents/cmm4yupsi02xhcuqwgbgcjc0r/view"",""Open PDF"")";cmm55w57p0004cuisfrtpqly8;cmm4xvu980000cuh4vj0usz09;;Kommun;;2024-576;Beslut;2026-02-04;Säkerhetsdatablad Nordic Shampoo.pdf;2024-576;AUTO;;;AUTO_GENERERAD. Bekrafta metadata mot kallfil.
ADMIN-INDEX-2026-02-27-00000000125C043F57453246863FE664CAFE6A3F0700950291EA24F0614FB6ACEDB12BF0E31D00000000010C0000950291EA24F0614FB6ACEDB12BF0E31D00002087AE390000;cmm4yuq2p036zcuqwaceu4qia;http://localhost:8787/api/admin/requirements/documents/cmm4yuq2p036zcuqwaceu4qia/view;"=HYPERLÄNK(""http://localhost:8787/api/admin/requirements/documents/cmm4yuq2p036zcuqwaceu4qia/view"";""Öppna PDF"")";"=HYPERLINK(""http://localhost:8787/api/admin/requirements/documents/cmm4yuq2p036zcuqwaceu4qia/view"",""Open PDF"")";cmm55w57p0004cuisfrtpqly8;cmm4xvu980000cuh4vj0usz09;Lilla Edets;Kommun;Lilla Edets kommun;2024-06;Beslut;2026-02-04;MB-2024-625-1 13.3 Miljöteknisk markundersökning.pdf;VB: till registrator;AUTO;;;AUTO_GENERERAD. Bekrafta metadata mot kallfil.
ADMIN-INDEX-2026-02-27-00000000125C043F57453246863FE664CAFE6A3F0700950291EA24F0614FB6ACEDB12BF0E31D00000000010C0000950291EA24F0614FB6ACEDB12BF0E31D00002087AE050000;cmm4yuqbf03fecuqw8hit9x13;http://localhost:8787/api/admin/requirements/documents/cmm4yuqbf03fecuqw8hit9x13/view;"=HYPERLÄNK(""http://localhost:8787/api/admin/requirements/documents/cmm4yuqbf03fecuqw8hit9x13/view"";""Öppna PDF"")";"=HYPERLINK(""http://localhost:8787/api/admin/requirements/documents/cmm4yuqbf03fecuqw8hit9x13/view"",""Open PDF"")";cmm55w57p0004cuisfrtpqly8;cmm4xvu980000cuh4vj0usz09;i Huddinge;Kommun;i Huddinge kommun;2025-2029;Forelaggande;2026-02-04;M-2025-2937 Beslut om föreläggande försiktighetsmått.pdf;Sv: till registrator [2026SC9796];AUTO;;;AUTO_GENERERAD. Bekrafta metadata mot kallfil.
ADMIN-INDEX-2026-02-27-00000000125C043F57453246863FE664CAFE6A3F0700950291EA24F0614FB6ACEDB12BF0E31D00000000010C0000950291EA24F0614FB6ACEDB12BF0E31D00002087A5DB0000;cmm4yuqq103u2cuqwxq5c1oxv;http://localhost:8787/api/admin/requirements/documents/cmm4yuqq103u2cuqwxq5c1oxv/view;"=HYPERLÄNK(""http://localhost:8787/api/admin/requirements/documents/cmm4yuqq103u2cuqwxq5c1oxv/view"";""Öppna PDF"")";"=HYPERLINK(""http://localhost:8787/api/admin/requirements/documents/cmm4yuqq103u2cuqwxq5c1oxv/view"",""Open PDF"")";cmm55w57p0004cuisfrtpqly8;cmm4xvu980000cuh4vj0usz09;Hässleholms;Kommun;Hässleholms kommun;0451-26;Anmalan;2026-02-05;M-2025-1599 - MFV C-verksamhet.pdf;Sv:  Begäran om utlämnande av allmän handling – Anmälningar och beslut rörande mellanlagring av avfall samt anläggning av ytor;AUTO;;;AUTO_GENERERAD. Bekrafta metadata mot kallfil.
ADMIN-INDEX-2026-02-27-00000000125C043F57453246863FE664CAFE6A3F0700950291EA24F0614FB6ACEDB12BF0E31D00000000010C0000950291EA24F0614FB6ACEDB12BF0E31D00002087AE3A0000;cmm4yuq04034hcuqwue9hvqhc;http://localhost:8787/api/admin/requirements/documents/cmm4yuq04034hcuqwue9hvqhc/view;"=HYPERLÄNK(""http://localhost:8787/api/admin/requirements/documents/cmm4yuq04034hcuqwue9hvqhc/view"";""Öppna PDF"")";"=HYPERLINK(""http://localhost:8787/api/admin/requirements/documents/cmm4yuq04034hcuqwue9hvqhc/view"",""Open PDF"")";cmm55w57p0004cuisfrtpqly8;cmm4xvu980000cuh4vj0usz09;Lilla Edets;Kommun;Lilla Edets kommun;2024-06;Beslut;2026-02-04;MB-2024-625-7 13.3 Miljöteknisk markundersökning m bilagor.pdf;VB: till registrator;AUTO;;;AUTO_GENERERAD. Bekrafta metadata mot kallfil.
ADMIN-INDEX-2026-02-27-00000000125C043F57453246863FE664CAFE6A3F0700950291EA24F0614FB6ACEDB12BF0E31D00000000010C0000950291EA24F0614FB6ACEDB12BF0E31D00002087A5BD0000;cmm4yur13043ncuqw78adtuo1;http://localhost:8787/api/admin/requirements/documents/cmm4yur13043ncuqw78adtuo1/view;"=HYPERLÄNK(""http://localhost:8787/api/admin/requirements/documents/cmm4yur13043ncuqw78adtuo1/view"";""Öppna PDF"")";"=HYPERLINK(""http://localhost:8787/api/admin/requirements/documents/cmm4yur13043ncuqw78adtuo1/view"",""Open PDF"")";cmm55w57p0004cuisfrtpqly8;cmm4xvu980000cuh4vj0usz09;Miljöprövningsdelegationen Jokkmokks;Kommun;Miljöprövningsdelegationen Jokkmokks kommun;2013:251;Beslut;2026-02-05;Beslut(26289851) (0)_TMP.pdf;Sv: till registrator;AUTO;;;AUTO_GENERERAD. Bekrafta metadata mot kallfil.
ADMIN-INDEX-2026-02-27-00000000125C043F57453246863FE664CAFE6A3F0700950291EA24F0614FB6ACEDB12BF0E31D00000000010C0000950291EA24F0614FB6ACEDB12BF0E31D00002087B1790000;cmm4yunmd00twcuqw2m7dyyg5;http://localhost:8787/api/admin/requirements/documents/cmm4yunmd00twcuqw2m7dyyg5/view;"=HYPERLÄNK(""http://localhost:8787/api/admin/requirements/documents/cmm4yunmd00twcuqw2m7dyyg5/view"";""Öppna PDF"")";"=HYPERLINK(""http://localhost:8787/api/admin/requirements/documents/cmm4yunmd00twcuqw2m7dyyg5/view"",""Open PDF"")";cmm55w57p0004cuisfrtpqly8;cmm4xvu980000cuh4vj0usz09;-- Miljökontoret Söderköpings;Kommun;-- Miljökontoret Söderköpings kommun;2024-05;Anmalan;2026-02-03;MBNV-2024-602_2024-05-15_Anmälan.pdf;SV: till registrator;AUTO;;;AUTO_GENERERAD. Bekrafta metadata mot kallfil.
ADMIN-INDEX-2026-02-27-00000000125C043F57453246863FE664CAFE6A3F0700950291EA24F0614FB6ACEDB12BF0E31D00000000010C0000950291EA24F0614FB6ACEDB12BF0E31D00002087AE340000;cmm4yuq3a037kcuqwpi0d7k4c;http://localhost:8787/api/admin/requirements/documents/cmm4yuq3a037kcuqwpi0d7k4c/view;"=HYPERLÄNK(""http://localhost:8787/api/admin/requirements/documents/cmm4yuq3a037kcuqwpi0d7k4c/view"";""Öppna PDF"")";"=HYPERLINK(""http://localhost:8787/api/admin/requirements/documents/cmm4yuq3a037kcuqwpi0d7k4c/view"",""Open PDF"")";cmm55w57p0004cuisfrtpqly8;cmm4xvu980000cuh4vj0usz09;;Kommun;;2019:01;Beslut;2026-02-04;Analysresultat - Muraren 4.pdf;Sv: till registrator;AUTO;;;AUTO_GENERERAD. Bekrafta metadata mot kallfil.
ADMIN-INDEX-2026-02-27-00000000125C043F57453246863FE664CAFE6A3F0700950291EA24F0614FB6ACEDB12BF0E31D00000000010C0000950291EA24F0614FB6ACEDB12BF0E31D00002087A59A0000;cmm4yur6y048tcuqwl5ag5aul;http://localhost:8787/api/admin/requirements/documents/cmm4yur6y048tcuqwl5ag5aul/view;"=HYPERLÄNK(""http://localhost:8787/api/admin/requirements/documents/cmm4yur6y048tcuqwl5ag5aul/view"";""Öppna PDF"")";"=HYPERLINK(""http://localhost:8787/api/admin/requirements/documents/cmm4yur6y048tcuqwl5ag5aul/view"",""Open PDF"")";cmm55w57p0004cuisfrtpqly8;cmm4xvu980000cuh4vj0usz09;;Kommun;;;Anmalan;2026-02-09;MN-2025-455-4 Krossning.pdf;Anmälningspliktiga verksamheter rörande avfall;AUTO;;;AUTO_GENERERAD. Bekrafta metadata mot kallfil.
ADMIN-INDEX-2026-02-27-00000000125C043F57453246863FE664CAFE6A3F0700950291EA24F0614FB6ACEDB12BF0E31D00000000010C0000950291EA24F0614FB6ACEDB12BF0E31D00002087A59F0000;cmm4yur5z047wcuqwz6szyfhk;http://localhost:8787/api/admin/requirements/documents/cmm4yur5z047wcuqwz6szyfhk/view;"=HYPERLÄNK(""http://localhost:8787/api/admin/requirements/documents/cmm4yur5z047wcuqwz6szyfhk/view"";""Öppna PDF"")";"=HYPERLINK(""http://localhost:8787/api/admin/requirements/documents/cmm4yur5z047wcuqwz6szyfhk/view"",""Open PDF"")";cmm55w57p0004cuisfrtpqly8;cmm4xvu980000cuh4vj0usz09;Åtvidabergs;Kommun;Åtvidabergs kommun;2025-11;Beslut;2026-02-09;MK-2025-452-6_Beslut_2025-11-14.pdf;Begärda handlingar;AUTO;;;AUTO_GENERERAD. Bekrafta metadata mot kallfil.
ADMIN-INDEX-2026-02-27-00000000125C043F57453246863FE664CAFE6A3F0700950291EA24F0614FB6ACEDB12BF0E31D00000000010C0000950291EA24F0614FB6ACEDB12BF0E31D00002087AE450000;cmm4yupwf031ecuqwcuwsaack;http://localhost:8787/api/admin/requirements/documents/cmm4yupwf031ecuqwcuwsaack/view;"=HYPERLÄNK(""http://localhost:8787/api/admin/requirements/documents/cmm4yupwf031ecuqwcuwsaack/view"";""Öppna PDF"")";"=HYPERLINK(""http://localhost:8787/api/admin/requirements/documents/cmm4yupwf031ecuqwcuwsaack/view"",""Open PDF"")";cmm55w57p0004cuisfrtpqly8;cmm4xvu980000cuh4vj0usz09;;Kommun;;2013:251;Anmalan;2026-02-04;Anmälan miljöfarlig verksamhet v1.pdf;Verksamhet i Tidaholm;AUTO;;;AUTO_GENERERAD. Bekrafta metadata mot kallfil.
ADMIN-INDEX-2026-02-27-00000000125C043F57453246863FE664CAFE6A3F0700950291EA24F0614FB6ACEDB12BF0E31D00000000010C0000950291EA24F0614FB6ACEDB12BF0E31D00002087AE460000;cmm4yupvw030wcuqwlg1cpc8c;http://localhost:8787/api/admin/requirements/documents/cmm4yupvw030wcuqwlg1cpc8c/view;"=HYPERLÄNK(""http://localhost:8787/api/admin/requirements/documents/cmm4yupvw030wcuqwlg1cpc8c/view"";""Öppna PDF"")";"=HYPERLINK(""http://localhost:8787/api/admin/requirements/documents/cmm4yupvw030wcuqwlg1cpc8c/view"",""Open PDF"")";cmm55w57p0004cuisfrtpqly8;cmm4xvu980000cuh4vj0usz09;;Kommun;;2013:251;Anmalan;2026-02-04;Anmälan miljöfarlig verksamhet.pdf;Verksamhet i Tidaholm;AUTO;;;AUTO_GENERERAD. Bekrafta metadata mot kallfil.
ADMIN-INDEX-2026-02-27-00000000125C043F57453246863FE664CAFE6A3F0700950291EA24F0614FB6ACEDB12BF0E31D00000000010C0000950291EA24F0614FB6ACEDB12BF0E31D00002087A5DC0000;cmm4yuqnj03rhcuqw5kt2masi;http://localhost:8787/api/admin/requirements/documents/cmm4yuqnj03rhcuqw5kt2masi/view;"=HYPERLÄNK(""http://localhost:8787/api/admin/requirements/documents/cmm4yuqnj03rhcuqw5kt2masi/view"";""Öppna PDF"")";"=HYPERLINK(""http://localhost:8787/api/admin/requirements/documents/cmm4yuqnj03rhcuqw5kt2masi/view"",""Open PDF"")";cmm55w57p0004cuisfrtpqly8;cmm4xvu980000cuh4vj0usz09;Hässleholms;Kommun;Hässleholms kommun;0451-26;Anmalan;2026-02-05;M-2025-2674 - Avskrivning.pdf;Sv:  Begäran om utlämnande av allmän handling – Anmälningar och beslut rörande mellanlagring av avfall samt anläggning av ytor;AUTO;;;AUTO_GENERERAD. Bekrafta metadata mot kallfil.
ADMIN-INDEX-2026-02-27-00000000125C043F57453246863FE664CAFE6A3F0700950291EA24F0614FB6ACEDB12BF0E31D00000000010C0000950291EA24F0614FB6ACEDB12BF0E31D00002087AE4B0000;cmm4yupvf030ecuqwvyai5yx8;http://localhost:8787/api/admin/requirements/documents/cmm4yupvf030ecuqwvyai5yx8/view;"=HYPERLÄNK(""http://localhost:8787/api/admin/requirements/documents/cmm4yupvf030ecuqwvyai5yx8/view"";""Öppna PDF"")";"=HYPERLINK(""http://localhost:8787/api/admin/requirements/documents/cmm4yupvf030ecuqwvyai5yx8/view"",""Open PDF"")";cmm55w57p0004cuisfrtpqly8;cmm4xvu980000cuh4vj0usz09;;Kommun;;;Anmalan;2026-02-04;Anmälan Hynboholm terminal 240313_Redacted.pdf;VB:  Begäran om utlämnande av allmän handling – Anmälningar och beslut rörande mellanlagring av avfall samt anläggning av ytor;AUTO;;;AUTO_GENERERAD. Bekrafta metadata mot kallfil.
ADMIN-INDEX-2026-02-27-00000000125C043F57453246863FE664CAFE6A3F0700950291EA24F0614FB6ACEDB12BF0E31D00000000010C0000950291EA24F0614FB6ACEDB12BF0E31D00002087AE4C0000;cmm4yupv90308cuqwbgubbii1;http://localhost:8787/api/admin/requirements/documents/cmm4yupv90308cuqwbgubbii1/view;"=HYPERLÄNK(""http://localhost:8787/api/admin/requirements/documents/cmm4yupv90308cuqwbgubbii1/view"";""Öppna PDF"")";"=HYPERLINK(""http://localhost:8787/api/admin/requirements/documents/cmm4yupv90308cuqwbgubbii1/view"",""Open PDF"")";cmm55w57p0004cuisfrtpqly8;cmm4xvu980000cuh4vj0usz09;;Kommun;;;Anmalan;2026-02-04;Anmälan Hynboholm terminal 240313_Redacted.pdf;VB:  Begäran om utlämnande av allmän handling – Anmälningar och beslut rörande mellanlagring av avfall samt anläggning av ytor;AUTO;;;AUTO_GENERERAD. Bekrafta metadata mot kallfil.
ADMIN-INDEX-2026-02-27-00000000125C043F57453246863FE664CAFE6A3F0700950291EA24F0614FB6ACEDB12BF0E31D00000000010C0000950291EA24F0614FB6ACEDB12BF0E31D00002087AE550000;cmm4yupu002yzcuqw92mpgtbw;http://localhost:8787/api/admin/requirements/documents/cmm4yupu002yzcuqw92mpgtbw/view;"=HYPERLÄNK(""http://localhost:8787/api/admin/requirements/documents/cmm4yupu002yzcuqw92mpgtbw/view"";""Öppna PDF"")";"=HYPERLINK(""http://localhost:8787/api/admin/requirements/documents/cmm4yupu002yzcuqw92mpgtbw/view"",""Open PDF"")";cmm55w57p0004cuisfrtpqly8;cmm4xvu980000cuh4vj0usz09;;Kommun;;2024-576;Beslut;2026-02-04;Säkerhetsdatablad Sonax Gloss Dryer.pdf;2024-576;AUTO;;;AUTO_GENERERAD. Bekrafta metadata mot kallfil.
ADMIN-INDEX-2026-02-27-00000000125C043F57453246863FE664CAFE6A3F0700950291EA24F0614FB6ACEDB12BF0E31D00000000010C0000950291EA24F0614FB6ACEDB12BF0E31D00002087A5B20000;cmm4yur3i045ncuqwdc30ai1k;http://localhost:8787/api/admin/requirements/documents/cmm4yur3i045ncuqwdc30ai1k/view;"=HYPERLÄNK(""http://localhost:8787/api/admin/requirements/documents/cmm4yur3i045ncuqwdc30ai1k/view"";""Öppna PDF"")";"=HYPERLINK(""http://localhost:8787/api/admin/requirements/documents/cmm4yur3i045ncuqwdc30ai1k/view"",""Open PDF"")";cmm55w57p0004cuisfrtpqly8;cmm4xvu980000cuh4vj0usz09;;Kommun;;2025-04;Anmalan;2026-02-06;Beslut - svar på anmälan.pdf;Sv: till registrator;AUTO;;;AUTO_GENERERAD. Bekrafta metadata mot kallfil.
ADMIN-INDEX-2026-02-27-00000000125C043F57453246863FE664CAFE6A3F0700950291EA24F0614FB6ACEDB12BF0E31D00000000010C0000950291EA24F0614FB6ACEDB12BF0E31D00002087A5B70000;cmm4yur1h043zcuqw32zc4vim;http://localhost:8787/api/admin/requirements/documents/cmm4yur1h043zcuqw32zc4vim/view;"=HYPERLÄNK(""http://localhost:8787/api/admin/requirements/documents/cmm4yur1h043zcuqw32zc4vim/view"";""Öppna PDF"")";"=HYPERLINK(""http://localhost:8787/api/admin/requirements/documents/cmm4yur1h043zcuqw32zc4vim/view"",""Open PDF"")";cmm55w57p0004cuisfrtpqly8;cmm4xvu980000cuh4vj0usz09;i Upplands Väsby;Kommun;i Upplands Väsby kommun;2025-12;Beslut;2026-02-06;Miljöteknisk markundersökning, Skälby 2.3.pdf;till registrator [2026KC17362];AUTO;;;AUTO_GENERERAD. Bekrafta metadata mot kallfil.
ADMIN-INDEX-2026-02-27-00000000125C043F57453246863FE664CAFE6A3F0700950291EA24F0614FB6ACEDB12BF0E31D00000000010C0000950291EA24F0614FB6ACEDB12BF0E31D00002087A5C60000;cmm4yur0a042qcuqwf2d6fl9v;http://localhost:8787/api/admin/requirements/documents/cmm4yur0a042qcuqwf2d6fl9v/view;"=HYPERLÄNK(""http://localhost:8787/api/admin/requirements/documents/cmm4yur0a042qcuqwf2d6fl9v/view"";""Öppna PDF"")";"=HYPERLINK(""http://localhost:8787/api/admin/requirements/documents/cmm4yur0a042qcuqwf2d6fl9v/view"",""Open PDF"")";cmm55w57p0004cuisfrtpqly8;cmm4xvu980000cuh4vj0usz09;;Kommun;;2024-09;Beslut;2026-02-05;MILJ20241464.pdf;Handlingar;AUTO;;;AUTO_GENERERAD. Bekrafta metadata mot kallfil.
ADMIN-INDEX-2026-02-27-00000000125C043F57453246863FE664CAFE6A3F0700950291EA24F0614FB6ACEDB12BF0E31D00000000010C0000950291EA24F0614FB6ACEDB12BF0E31D00002087A5CF0000;cmm4yuqzn041zcuqwy7h3npzx;http://localhost:8787/api/admin/requirements/documents/cmm4yuqzn041zcuqwy7h3npzx/view;"=HYPERLÄNK(""http://localhost:8787/api/admin/requirements/documents/cmm4yuqzn041zcuqwy7h3npzx/view"";""Öppna PDF"")";"=HYPERLINK(""http://localhost:8787/api/admin/requirements/documents/cmm4yuqzn041zcuqwy7h3npzx/view"",""Open PDF"")";cmm55w57p0004cuisfrtpqly8;cmm4xvu980000cuh4vj0usz09;;Kommun;;2025-03;Anmalan;2026-02-05;Ärendenr 2025-88. MaserFrakt AB. Anmälan och Beslut (2).pdf;SV: till registrator;AUTO;;;AUTO_GENERERAD. Bekrafta metadata mot kallfil.
ADMIN-INDEX-2026-02-27-00000000125C043F57453246863FE664CAFE6A3F0700950291EA24F0614FB6ACEDB12BF0E31D00000000010C0000950291EA24F0614FB6ACEDB12BF0E31D00002087A5D10000;cmm4yuqwv0415cuqw0pl0005p;http://localhost:8787/api/admin/requirements/documents/cmm4yuqwv0415cuqw0pl0005p/view;"=HYPERLÄNK(""http://localhost:8787/api/admin/requirements/documents/cmm4yuqwv0415cuqw0pl0005p/view"";""Öppna PDF"")";"=HYPERLINK(""http://localhost:8787/api/admin/requirements/documents/cmm4yuqwv0415cuqw0pl0005p/view"",""Open PDF"")";cmm55w57p0004cuisfrtpqly8;cmm4xvu980000cuh4vj0usz09;;Kommun;;0381-66;Beslut;2026-02-05;YDR Miljö Registrering C-anläggning YDM 2025 131.pdf;Re: till registrator;AUTO;;;AUTO_GENERERAD. Bekrafta metadata mot kallfil.
ADMIN-INDEX-2026-02-27-00000000125C043F57453246863FE664CAFE6A3F0700950291EA24F0614FB6ACEDB12BF0E31D00000000010C0000950291EA24F0614FB6ACEDB12BF0E31D00002087A5D70000;cmm4yuqwe040ncuqwqo98vhru;http://localhost:8787/api/admin/requirements/documents/cmm4yuqwe040ncuqwqo98vhru/view;"=HYPERLÄNK(""http://localhost:8787/api/admin/requirements/documents/cmm4yuqwe040ncuqwqo98vhru/view"";""Öppna PDF"")";"=HYPERLINK(""http://localhost:8787/api/admin/requirements/documents/cmm4yuqwe040ncuqwqo98vhru/view"",""Open PDF"")";cmm55w57p0004cuisfrtpqly8;cmm4xvu980000cuh4vj0usz09;Hässleholms;Kommun;Hässleholms kommun;2024-877;Anmalan;2026-02-05;M-2024-877 - Anmälan.pdf;Sv:  Begäran om utlämnande av allmän handling – Anmälningar och beslut rörande mellanlagring av avfall samt anläggning av ytor;AUTO;;;AUTO_GENERERAD. Bekrafta metadata mot kallfil.
ADMIN-INDEX-2026-02-27-00000000125C043F57453246863FE664CAFE6A3F0700950291EA24F0614FB6ACEDB12BF0E31D00000000010C0000950291EA24F0614FB6ACEDB12BF0E31D00002087A5D80000;cmm4yuqvk03ztcuqwn64kirb8;http://localhost:8787/api/admin/requirements/documents/cmm4yuqvk03ztcuqwn64kirb8/view;"=HYPERLÄNK(""http://localhost:8787/api/admin/requirements/documents/cmm4yuqvk03ztcuqwn64kirb8/view"";""Öppna PDF"")";"=HYPERLINK(""http://localhost:8787/api/admin/requirements/documents/cmm4yuqvk03ztcuqwn64kirb8/view"",""Open PDF"")";cmm55w57p0004cuisfrtpqly8;cmm4xvu980000cuh4vj0usz09;Hässleholms;Kommun;Hässleholms kommun;2024-877;Anmalan;2026-02-05;M-2024-877 - Anmälan.pdf;Sv:  Begäran om utlämnande av allmän handling – Anmälningar och beslut rörande mellanlagring av avfall samt anläggning av ytor;AUTO;;;AUTO_GENERERAD. Bekrafta metadata mot kallfil.
ADMIN-INDEX-2026-02-27-00000000125C043F57453246863FE664CAFE6A3F0700950291EA24F0614FB6ACEDB12BF0E31D00000000010C0000950291EA24F0614FB6ACEDB12BF0E31D00002087A5D90000;cmm4yuquq03yzcuqwmekbklcz;http://localhost:8787/api/admin/requirements/documents/cmm4yuquq03yzcuqwmekbklcz/view;"=HYPERLÄNK(""http://localhost:8787/api/admin/requirements/documents/cmm4yuquq03yzcuqwmekbklcz/view"";""Öppna PDF"")";"=HYPERLINK(""http://localhost:8787/api/admin/requirements/documents/cmm4yuquq03yzcuqwmekbklcz/view"",""Open PDF"")";cmm55w57p0004cuisfrtpqly8;cmm4xvu980000cuh4vj0usz09;Hässleholms;Kommun;Hässleholms kommun;2024-2225;Anmalan;2026-02-05;M-2024-2225 - Anmälan (2).pdf;Sv:  Begäran om utlämnande av allmän handling – Anmälningar och beslut rörande mellanlagring av avfall samt anläggning av ytor;AUTO;;;AUTO_GENERERAD. Bekrafta metadata mot kallfil.
ADMIN-INDEX-2026-02-27-00000000125C043F57453246863FE664CAFE6A3F0700950291EA24F0614FB6ACEDB12BF0E31D00000000010C0000950291EA24F0614FB6ACEDB12BF0E31D00002087A5DA0000;cmm4yuqt403xbcuqwn5w6kvre;http://localhost:8787/api/admin/requirements/documents/cmm4yuqt403xbcuqwn5w6kvre/view;"=HYPERLÄNK(""http://localhost:8787/api/admin/requirements/documents/cmm4yuqt403xbcuqwn5w6kvre/view"";""Öppna PDF"")";"=HYPERLINK(""http://localhost:8787/api/admin/requirements/documents/cmm4yuqt403xbcuqwn5w6kvre/view"",""Open PDF"")";cmm55w57p0004cuisfrtpqly8;cmm4xvu980000cuh4vj0usz09;;Kommun;;2024-2166;Anmalan;2026-02-05;M-2024-2166 - Anmälan.pdf;Sv:  Begäran om utlämnande av allmän handling – Anmälningar och beslut rörande mellanlagring av avfall samt anläggning av ytor;AUTO;;;AUTO_GENERERAD. Bekrafta metadata mot kallfil.
ADMIN-INDEX-2026-02-27-00000000125C043F57453246863FE664CAFE6A3F0700950291EA24F0614FB6ACEDB12BF0E31D00000000010C0000950291EA24F0614FB6ACEDB12BF0E31D000073AF24010000;cmm4yurgk04j2cuqw5vz3m5i0;http://localhost:8787/api/admin/requirements/documents/cmm4yurgk04j2cuqw5vz3m5i0/view;"=HYPERLÄNK(""http://localhost:8787/api/admin/requirements/documents/cmm4yurgk04j2cuqw5vz3m5i0/view"";""Öppna PDF"")";"=HYPERLINK(""http://localhost:8787/api/admin/requirements/documents/cmm4yurgk04j2cuqw5vz3m5i0/view"",""Open PDF"")";cmm55w57p0004cuisfrtpqly8;cmm4xvu980000cuh4vj0usz09;Värnamo;Kommun;Värnamo kommun;2024-12;Beslut;2026-02-13;TFF bre sit.pdf;SV: till registrator [2026KC7547];AUTO;;;AUTO_GENERERAD. Bekrafta metadata mot kallfil.
ADMIN-INDEX-2026-02-27-00000000125C043F57453246863FE664CAFE6A3F0700950291EA24F0614FB6ACEDB12BF0E31D00000000010C0000950291EA24F0614FB6ACEDB12BF0E31D000073AF24000000;cmm4yurfq04i5cuqw1drt61jr;http://localhost:8787/api/admin/requirements/documents/cmm4yurfq04i5cuqw1drt61jr/view;"=HYPERLÄNK(""http://localhost:8787/api/admin/requirements/documents/cmm4yurfq04i5cuqw1drt61jr/view"";""Öppna PDF"")";"=HYPERLINK(""http://localhost:8787/api/admin/requirements/documents/cmm4yurfq04i5cuqw1drt61jr/view"",""Open PDF"")";cmm55w57p0004cuisfrtpqly8;cmm4xvu980000cuh4vj0usz09;;Kommun;;2025-10;Beslut;2026-02-13;VGS-MH-2025-2444.pdf;Sv: till registrator;AUTO;;;AUTO_GENERERAD. Bekrafta metadata mot kallfil.
ADMIN-INDEX-2026-02-27-00000000125C043F57453246863FE664CAFE6A3F0700950291EA24F0614FB6ACEDB12BF0E31D00000000010C0000950291EA24F0614FB6ACEDB12BF0E31D00002087A5800000;cmm4yurbv04e2cuqwb1kd6w43;http://localhost:8787/api/admin/requirements/documents/cmm4yurbv04e2cuqwb1kd6w43/view;"=HYPERLÄNK(""http://localhost:8787/api/admin/requirements/documents/cmm4yurbv04e2cuqwb1kd6w43/view"";""Öppna PDF"")";"=HYPERLINK(""http://localhost:8787/api/admin/requirements/documents/cmm4yurbv04e2cuqwb1kd6w43/view"",""Open PDF"")";cmm55w57p0004cuisfrtpqly8;cmm4xvu980000cuh4vj0usz09;;Kommun;;2013:251;Anmalan;2026-02-12;MB-2023-716-6 - Miljöfarlig verksamhet_anmälan.pdf;Sv:  Begäran om utlämnande av allmän handling – Anmälningar och beslut rörande mellanlagring av avfall samt anläggning av ytor;AUTO;;;AUTO_GENERERAD. Bekrafta metadata mot kallfil.
ADMIN-INDEX-2026-02-27-00000000125C043F57453246863FE664CAFE6A3F0700950291EA24F0614FB6ACEDB12BF0E31D00000000010C0000950291EA24F0614FB6ACEDB12BF0E31D00002087A5950000;cmm4yur7g049ecuqw03gdal1n;http://localhost:8787/api/admin/requirements/documents/cmm4yur7g049ecuqw03gdal1n/view;"=HYPERLÄNK(""http://localhost:8787/api/admin/requirements/documents/cmm4yur7g049ecuqw03gdal1n/view"";""Öppna PDF"")";"=HYPERLINK(""http://localhost:8787/api/admin/requirements/documents/cmm4yur7g049ecuqw03gdal1n/view"",""Open PDF"")";cmm55w57p0004cuisfrtpqly8;cmm4xvu980000cuh4vj0usz09;mottagning av verksamhetsavfall Hagfors;Kommun;mottagning av verksamhetsavfall Hagfors kommun;2024-12;Anmalan;2026-02-09;GetContent (25).pdf;Anmälningspliktiga C-verksamheter;AUTO;;;AUTO_GENERERAD. Bekrafta metadata mot kallfil.
ADMIN-INDEX-2026-02-27-00000000125C043F57453246863FE664CAFE6A3F0700950291EA24F0614FB6ACEDB12BF0E31D00000000010C0000950291EA24F0614FB6ACEDB12BF0E31D00002087A5B40000;cmm4yur1z044ecuqwtn36cfk3;http://localhost:8787/api/admin/requirements/documents/cmm4yur1z044ecuqwtn36cfk3/view;"=HYPERLÄNK(""http://localhost:8787/api/admin/requirements/documents/cmm4yur1z044ecuqwtn36cfk3/view"";""Öppna PDF"")";"=HYPERLINK(""http://localhost:8787/api/admin/requirements/documents/cmm4yur1z044ecuqwtn36cfk3/view"",""Open PDF"")";cmm55w57p0004cuisfrtpqly8;cmm4xvu980000cuh4vj0usz09;i Pajala;Kommun;i Pajala kommun;2013:251;Beslut;2026-02-06;M-2024-109Beslut om bifall med villkor(29439417).pdf;Sv: till registrator;AUTO;;;AUTO_GENERERAD. Bekrafta metadata mot kallfil.
ADMIN-INDEX-2026-02-27-00000000125C043F57453246863FE664CAFE6A3F0700950291EA24F0614FB6ACEDB12BF0E31D00000000010C0000950291EA24F0614FB6ACEDB12BF0E31D00002087A5D00000;cmm4yuqx2041bcuqw058z69j7;http://localhost:8787/api/admin/requirements/documents/cmm4yuqx2041bcuqw058z69j7/view;"=HYPERLÄNK(""http://localhost:8787/api/admin/requirements/documents/cmm4yuqx2041bcuqw058z69j7/view"";""Öppna PDF"")";"=HYPERLINK(""http://localhost:8787/api/admin/requirements/documents/cmm4yuqx2041bcuqw058z69j7/view"",""Open PDF"")";cmm55w57p0004cuisfrtpqly8;cmm4xvu980000cuh4vj0usz09;;Kommun;;2024-10;Anmalan;2026-02-05;Ärendenr 2023-1413. Motor-Ola AB. Anmälan och Beslut (2).pdf;SV: till registrator;AUTO;;;AUTO_GENERERAD. Bekrafta metadata mot kallfil.
ADMIN-INDEX-2026-02-27-00000000125C043F57453246863FE664CAFE6A3F0700950291EA24F0614FB6ACEDB12BF0E31D00000000010C0000950291EA24F0614FB6ACEDB12BF0E31D00002087ADE30000;cmm4yuqm903q5cuqw4e2lm0yq;http://localhost:8787/api/admin/requirements/documents/cmm4yuqm903q5cuqw4e2lm0yq/view;"=HYPERLÄNK(""http://localhost:8787/api/admin/requirements/documents/cmm4yuqm903q5cuqw4e2lm0yq/view"";""Öppna PDF"")";"=HYPERLINK(""http://localhost:8787/api/admin/requirements/documents/cmm4yuqm903q5cuqw4e2lm0yq/view"",""Open PDF"")";cmm55w57p0004cuisfrtpqly8;cmm4xvu980000cuh4vj0usz09;Miljöinspektör Bygg och Miljö Ljusdals;Kommun;Miljöinspektör Bygg och Miljö Ljusdals kommun;0651-18;Beslut;2026-02-05;MFV.2025.230.pdf;Sv: Skickat till MILJÖ             Extern: till registrator;AUTO;;;AUTO_GENERERAD. Bekrafta metadata mot kallfil.
ADMIN-INDEX-2026-02-27-00000000125C043F57453246863FE664CAFE6A3F0700950291EA24F0614FB6ACEDB12BF0E31D00000000010C0000950291EA24F0614FB6ACEDB12BF0E31D00002087ADEF0000;cmm4yuqkr03oncuqwctsx0nxt;http://localhost:8787/api/admin/requirements/documents/cmm4yuqkr03oncuqwctsx0nxt/view;"=HYPERLÄNK(""http://localhost:8787/api/admin/requirements/documents/cmm4yuqkr03oncuqwctsx0nxt/view"";""Öppna PDF"")";"=HYPERLINK(""http://localhost:8787/api/admin/requirements/documents/cmm4yuqkr03oncuqwctsx0nxt/view"",""Open PDF"")";cmm55w57p0004cuisfrtpqly8;cmm4xvu980000cuh4vj0usz09;;Kommun;;2022/1163;Beslut;2026-02-05;Avgiftstaxa.pdf;VB: Utlämnande av allmänna handlingar;AUTO;;;AUTO_GENERERAD. Bekrafta metadata mot kallfil.
ADMIN-INDEX-2026-02-27-00000000125C043F57453246863FE664CAFE6A3F0700950291EA24F0614FB6ACEDB12BF0E31D00000000010C0000950291EA24F0614FB6ACEDB12BF0E31D00002087ADF30000;cmm4yuqhc03l8cuqwfjrfoy1e;http://localhost:8787/api/admin/requirements/documents/cmm4yuqhc03l8cuqwfjrfoy1e/view;"=HYPERLÄNK(""http://localhost:8787/api/admin/requirements/documents/cmm4yuqhc03l8cuqwfjrfoy1e/view"";""Öppna PDF"")";"=HYPERLINK(""http://localhost:8787/api/admin/requirements/documents/cmm4yuqhc03l8cuqwfjrfoy1e/view"",""Open PDF"")";cmm55w57p0004cuisfrtpqly8;cmm4xvu980000cuh4vj0usz09;;Kommun;;2025-10;Beslut;2026-02-05;251021-MMAVANLAN-CD02 2025-3268.pdf;Sv: till registrator;AUTO;;;AUTO_GENERERAD. Bekrafta metadata mot kallfil.
ADMIN-INDEX-2026-02-27-00000000125C043F57453246863FE664CAFE6A3F0700950291EA24F0614FB6ACEDB12BF0E31D00000000010C0000950291EA24F0614FB6ACEDB12BF0E31D00002087ADF90000;cmm4yuqf403iwcuqwm70zklx6;http://localhost:8787/api/admin/requirements/documents/cmm4yuqf403iwcuqwm70zklx6/view;"=HYPERLÄNK(""http://localhost:8787/api/admin/requirements/documents/cmm4yuqf403iwcuqwm70zklx6/view"";""Öppna PDF"")";"=HYPERLINK(""http://localhost:8787/api/admin/requirements/documents/cmm4yuqf403iwcuqwm70zklx6/view"",""Open PDF"")";cmm55w57p0004cuisfrtpqly8;cmm4xvu980000cuh4vj0usz09;;Kommun;;2024-02;Anmalan;2026-02-05;Skanska Sverige AB Anmälan Flisan 2 Beslut 240214.pdf;Begäran om utlämnande av allmän handling – Anmälningar och beslut rörande mellanlagring av avfall samt anläggning av ytor;AUTO;;;AUTO_GENERERAD. Bekrafta metadata mot kallfil.
ADMIN-INDEX-2026-02-27-00000000125C043F57453246863FE664CAFE6A3F0700950291EA24F0614FB6ACEDB12BF0E31D00000000010C0000950291EA24F0614FB6ACEDB12BF0E31D00002087ADFA0000;cmm4yuqev03incuqwhki43c68;http://localhost:8787/api/admin/requirements/documents/cmm4yuqev03incuqwhki43c68/view;"=HYPERLÄNK(""http://localhost:8787/api/admin/requirements/documents/cmm4yuqev03incuqwhki43c68/view"";""Öppna PDF"")";"=HYPERLINK(""http://localhost:8787/api/admin/requirements/documents/cmm4yuqev03incuqwhki43c68/view"",""Open PDF"")";cmm55w57p0004cuisfrtpqly8;cmm4xvu980000cuh4vj0usz09;;Kommun;;2024-02;Anmalan;2026-02-05;Skanska Sverige AB Anmälan Flisan 2 Beslut 240214.pdf;Begäran om utlämnande av allmän handling – Anmälningar och beslut rörande mellanlagring av avfall samt anläggning av ytor;AUTO;;;AUTO_GENERERAD. Bekrafta metadata mot kallfil.
ADMIN-INDEX-2026-02-27-00000000125C043F57453246863FE664CAFE6A3F0700950291EA24F0614FB6ACEDB12BF0E31D00000000010C0000950291EA24F0614FB6ACEDB12BF0E31D00002087ADFB0000;cmm4yuqej03ibcuqw3s2t4bqi;http://localhost:8787/api/admin/requirements/documents/cmm4yuqej03ibcuqw3s2t4bqi/view;"=HYPERLÄNK(""http://localhost:8787/api/admin/requirements/documents/cmm4yuqej03ibcuqw3s2t4bqi/view"";""Öppna PDF"")";"=HYPERLINK(""http://localhost:8787/api/admin/requirements/documents/cmm4yuqej03ibcuqw3s2t4bqi/view"",""Open PDF"")";cmm55w57p0004cuisfrtpqly8;cmm4xvu980000cuh4vj0usz09;;Kommun;;;Anmalan;2026-02-05;Skyddsåtgärder vid mellanlagring.pdf;Begäran om utlämnande av allmän handling – Anmälningar och beslut rörande mellanlagring av avfall samt anläggning av ytor;AUTO;;;AUTO_GENERERAD. Bekrafta metadata mot kallfil.
ADMIN-INDEX-2026-02-27-00000000125C043F57453246863FE664CAFE6A3F0700950291EA24F0614FB6ACEDB12BF0E31D00000000010C0000950291EA24F0614FB6ACEDB12BF0E31D00002087ADFD0000;cmm4yuqdi03h8cuqwtpenx3af;http://localhost:8787/api/admin/requirements/documents/cmm4yuqdi03h8cuqwtpenx3af/view;"=HYPERLÄNK(""http://localhost:8787/api/admin/requirements/documents/cmm4yuqdi03h8cuqwtpenx3af/view"";""Öppna PDF"")";"=HYPERLINK(""http://localhost:8787/api/admin/requirements/documents/cmm4yuqdi03h8cuqwtpenx3af/view"",""Open PDF"")";cmm55w57p0004cuisfrtpqly8;cmm4xvu980000cuh4vj0usz09;Karlstads;Kommun;Karlstads kommun;2025-06;Anmalan;2026-02-05;SERAB Vålberg 1 431 Beslut 250609.pdf;Begäran om utlämnande av allmän handling – Anmälningar och beslut rörande mellanlagring av avfall samt anläggning av ytor;AUTO;;;AUTO_GENERERAD. Bekrafta metadata mot kallfil.
ADMIN-INDEX-2026-02-27-00000000125C043F57453246863FE664CAFE6A3F0700950291EA24F0614FB6ACEDB12BF0E31D00000000010C0000950291EA24F0614FB6ACEDB12BF0E31D00002087ADFE0000;cmm4yuqd303gtcuqw3vlw8j3n;http://localhost:8787/api/admin/requirements/documents/cmm4yuqd303gtcuqw3vlw8j3n/view;"=HYPERLÄNK(""http://localhost:8787/api/admin/requirements/documents/cmm4yuqd303gtcuqw3vlw8j3n/view"";""Öppna PDF"")";"=HYPERLINK(""http://localhost:8787/api/admin/requirements/documents/cmm4yuqd303gtcuqw3vlw8j3n/view"",""Open PDF"")";cmm55w57p0004cuisfrtpqly8;cmm4xvu980000cuh4vj0usz09;;Kommun;;;Anmalan;2026-02-05;Styrning och kontroll - GIFA.pdf;Begäran om utlämnande av allmän handling – Anmälningar och beslut rörande mellanlagring av avfall samt anläggning av ytor;AUTO;;;AUTO_GENERERAD. Bekrafta metadata mot kallfil.
ADMIN-INDEX-2026-02-27-00000000125C043F57453246863FE664CAFE6A3F0700950291EA24F0614FB6ACEDB12BF0E31D00000000010C0000950291EA24F0614FB6ACEDB12BF0E31D00002087AE060000;cmm4yuqad03ekcuqwsjee53ix;http://localhost:8787/api/admin/requirements/documents/cmm4yuqad03ekcuqwsjee53ix/view;"=HYPERLÄNK(""http://localhost:8787/api/admin/requirements/documents/cmm4yuqad03ekcuqwsjee53ix/view"";""Öppna PDF"")";"=HYPERLINK(""http://localhost:8787/api/admin/requirements/documents/cmm4yuqad03ekcuqwsjee53ix/view"",""Open PDF"")";cmm55w57p0004cuisfrtpqly8;cmm4xvu980000cuh4vj0usz09;i Huddinge;Kommun;i Huddinge kommun;2025-03;Beslut;2026-02-04;MILJ.2025.963.pdf;Sv: till registrator [2026SC9796];AUTO;;;AUTO_GENERERAD. Bekrafta metadata mot kallfil.
ADMIN-INDEX-2026-02-27-00000000125C043F57453246863FE664CAFE6A3F0700950291EA24F0614FB6ACEDB12BF0E31D00000000010C0000950291EA24F0614FB6ACEDB12BF0E31D00002087AE100000;cmm4yuq7u03c2cuqwlx068jjt;http://localhost:8787/api/admin/requirements/documents/cmm4yuq7u03c2cuqwlx068jjt/view;"=HYPERLÄNK(""http://localhost:8787/api/admin/requirements/documents/cmm4yuq7u03c2cuqwlx068jjt/view"";""Öppna PDF"")";"=HYPERLINK(""http://localhost:8787/api/admin/requirements/documents/cmm4yuq7u03c2cuqwlx068jjt/view"",""Open PDF"")";cmm55w57p0004cuisfrtpqly8;cmm4xvu980000cuh4vj0usz09;Östersunds;Kommun;Östersunds kommun;2025-07;Anmalan;2026-02-04;Handlingar för ärende TN-00592-2025.pdf;Handlingar för ärende TN-00592-2025, Anmälan av miljöfarlig verksamhet - Tillfällig insamling av trädgårdsavfall Frösön - Frösö-Berge 21:212;AUTO;;;AUTO_GENERERAD. Bekrafta metadata mot kallfil.
ADMIN-INDEX-2026-02-27-00000000125C043F57453246863FE664CAFE6A3F0700950291EA24F0614FB6ACEDB12BF0E31D00000000010C0000950291EA24F0614FB6ACEDB12BF0E31D00002087AE2C0000;cmm4yuq6d03ahcuqwmgnuflvh;http://localhost:8787/api/admin/requirements/documents/cmm4yuq6d03ahcuqwmgnuflvh/view;"=HYPERLÄNK(""http://localhost:8787/api/admin/requirements/documents/cmm4yuq6d03ahcuqwmgnuflvh/view"";""Öppna PDF"")";"=HYPERLINK(""http://localhost:8787/api/admin/requirements/documents/cmm4yuq6d03ahcuqwmgnuflvh/view"",""Open PDF"")";cmm55w57p0004cuisfrtpqly8;cmm4xvu980000cuh4vj0usz09;-- Borgholms;Kommun;-- Borgholms kommun;2023-12;Beslut;2026-02-04;FÖRA 8_4 MBN-2023-1561 Delegationsbeslut 2023-12-27.pdf;Sv: till registrator;AUTO;;;AUTO_GENERERAD. Bekrafta metadata mot kallfil.
ADMIN-INDEX-2026-02-27-00000000125C043F57453246863FE664CAFE6A3F0700950291EA24F0614FB6ACEDB12BF0E31D00000000010C0000950291EA24F0614FB6ACEDB12BF0E31D00002087A5860000;cmm4yurb604dbcuqwpk6azwk6;http://localhost:8787/api/admin/requirements/documents/cmm4yurb604dbcuqwpk6azwk6/view;"=HYPERLÄNK(""http://localhost:8787/api/admin/requirements/documents/cmm4yurb604dbcuqwpk6azwk6/view"";""Öppna PDF"")";"=HYPERLINK(""http://localhost:8787/api/admin/requirements/documents/cmm4yurb604dbcuqwpk6azwk6/view"",""Open PDF"")";cmm55w57p0004cuisfrtpqly8;cmm4xvu980000cuh4vj0usz09;;Kommun;;0472-150;Beslut;2026-02-11;2024.1848..pdf;Handlingar;AUTO;;;AUTO_GENERERAD. Bekrafta metadata mot kallfil.
ADMIN-INDEX-2026-02-27-00000000125C043F57453246863FE664CAFE6A3F0700950291EA24F0614FB6ACEDB12BF0E31D00000000010C0000950291EA24F0614FB6ACEDB12BF0E31D00002087A57E0000;cmm4yure104gbcuqw0iyq01tw;http://localhost:8787/api/admin/requirements/documents/cmm4yure104gbcuqw0iyq01tw/view;"=HYPERLÄNK(""http://localhost:8787/api/admin/requirements/documents/cmm4yure104gbcuqw0iyq01tw/view"";""Öppna PDF"")";"=HYPERLINK(""http://localhost:8787/api/admin/requirements/documents/cmm4yure104gbcuqw0iyq01tw/view"",""Open PDF"")";cmm55w57p0004cuisfrtpqly8;cmm4xvu980000cuh4vj0usz09;i Örnsköldsviks;Kommun;i Örnsköldsviks kommun;0660-880;Beslut;2026-02-12;E-2025-840, beslut.pdf;Sv: till registrator;AUTO;;;AUTO_GENERERAD. Bekrafta metadata mot kallfil.
ADMIN-INDEX-2026-02-27-00000000125C043F57453246863FE664CAFE6A3F0700950291EA24F0614FB6ACEDB12BF0E31D00000000010C0000950291EA24F0614FB6ACEDB12BF0E31D00002087A58B0000;cmm4yura904cecuqwjfm8vkfa;http://localhost:8787/api/admin/requirements/documents/cmm4yura904cecuqwjfm8vkfa/view;"=HYPERLÄNK(""http://localhost:8787/api/admin/requirements/documents/cmm4yura904cecuqwjfm8vkfa/view"";""Öppna PDF"")";"=HYPERLINK(""http://localhost:8787/api/admin/requirements/documents/cmm4yura904cecuqwjfm8vkfa/view"",""Open PDF"")";cmm55w57p0004cuisfrtpqly8;cmm4xvu980000cuh4vj0usz09;;Kommun;;1998:808;Anmalan;2026-02-10;Beslut slamlager.pdf;Anmälan och beslut;AUTO;;;AUTO_GENERERAD. Bekrafta metadata mot kallfil.
ADMIN-INDEX-2026-02-27-00000000125C043F57453246863FE664CAFE6A3F0700950291EA24F0614FB6ACEDB12BF0E31D00000000010C0000950291EA24F0614FB6ACEDB12BF0E31D00002087ADE40000;cmm4yuqm603q2cuqw6h2pp8a0;http://localhost:8787/api/admin/requirements/documents/cmm4yuqm603q2cuqw6h2pp8a0/view;"=HYPERLÄNK(""http://localhost:8787/api/admin/requirements/documents/cmm4yuqm603q2cuqw6h2pp8a0/view"";""Öppna PDF"")";"=HYPERLINK(""http://localhost:8787/api/admin/requirements/documents/cmm4yuqm603q2cuqw6h2pp8a0/view"",""Open PDF"")";cmm55w57p0004cuisfrtpqly8;cmm4xvu980000cuh4vj0usz09;ämnden beslutar att förelägga Ljusdals;Kommun;ämnden beslutar att förelägga Ljusdals kommun;0651-180;Beslut;2026-02-05;MFV.2024.202.pdf;Sv: Skickat till MILJÖ             Extern: till registrator;AUTO;;;AUTO_GENERERAD. Bekrafta metadata mot kallfil.
ADMIN-INDEX-2026-02-27-00000000125C043F57453246863FE664CAFE6A3F0700950291EA24F0614FB6ACEDB12BF0E31D00000000010C0000950291EA24F0614FB6ACEDB12BF0E31D00002087ADEB0000;cmm4yuqlm03pkcuqwjxh8oxe1;http://localhost:8787/api/admin/requirements/documents/cmm4yuqlm03pkcuqwjxh8oxe1/view;"=HYPERLÄNK(""http://localhost:8787/api/admin/requirements/documents/cmm4yuqlm03pkcuqwjxh8oxe1/view"";""Öppna PDF"")";"=HYPERLINK(""http://localhost:8787/api/admin/requirements/documents/cmm4yuqlm03pkcuqwjxh8oxe1/view"",""Open PDF"")";cmm55w57p0004cuisfrtpqly8;cmm4xvu980000cuh4vj0usz09;Norsjö;Kommun;Norsjö kommun;2024-05;Beslut;2026-02-05;MBN-2024-178_1377_001_2024-04-12.pdf;Begäran om allmänna handlingar;AUTO;;;AUTO_GENERERAD. Bekrafta metadata mot kallfil.
ADMIN-INDEX-2026-02-27-00000000125C043F57453246863FE664CAFE6A3F0700950291EA24F0614FB6ACEDB12BF0E31D00000000010C0000950291EA24F0614FB6ACEDB12BF0E31D00002087ADEC0000;cmm4yuql503p2cuqwh5xr4lq2;http://localhost:8787/api/admin/requirements/documents/cmm4yuql503p2cuqwh5xr4lq2/view;"=HYPERLÄNK(""http://localhost:8787/api/admin/requirements/documents/cmm4yuql503p2cuqwh5xr4lq2/view"";""Öppna PDF"")";"=HYPERLINK(""http://localhost:8787/api/admin/requirements/documents/cmm4yuql503p2cuqwh5xr4lq2/view"",""Open PDF"")";cmm55w57p0004cuisfrtpqly8;cmm4xvu980000cuh4vj0usz09;Norsjö;Kommun;Norsjö kommun;2024-05;Beslut;2026-02-05;MBN-2024-178_1377_001_2024-04-12.pdf;Begäran om allmänna handlingar;AUTO;;;AUTO_GENERERAD. Bekrafta metadata mot kallfil.
ADMIN-INDEX-2026-02-27-00000000125C043F57453246863FE664CAFE6A3F0700950291EA24F0614FB6ACEDB12BF0E31D00000000010C0000950291EA24F0614FB6ACEDB12BF0E31D00002087A57F0000;cmm4yurd804fhcuqw6hiurhyu;http://localhost:8787/api/admin/requirements/documents/cmm4yurd804fhcuqw6hiurhyu/view;"=HYPERLÄNK(""http://localhost:8787/api/admin/requirements/documents/cmm4yurd804fhcuqw6hiurhyu/view"";""Öppna PDF"")";"=HYPERLINK(""http://localhost:8787/api/admin/requirements/documents/cmm4yurd804fhcuqw6hiurhyu/view"",""Open PDF"")";cmm55w57p0004cuisfrtpqly8;cmm4xvu980000cuh4vj0usz09;;Kommun;;2024-11;Anmalan;2026-02-12;2024-923Miljöfarlig verksamhet, anmälan _ ändring - 10928.pdf;Sv: till registrator;AUTO;;;AUTO_GENERERAD. Bekrafta metadata mot kallfil.
ADMIN-INDEX-2026-02-27-00000000125C043F57453246863FE664CAFE6A3F0700950291EA24F0614FB6ACEDB12BF0E31D00000000010C0000950291EA24F0614FB6ACEDB12BF0E31D00002087A58C0000;cmm4yur9304b5cuqwauhbo864;http://localhost:8787/api/admin/requirements/documents/cmm4yur9304b5cuqwauhbo864/view;"=HYPERLÄNK(""http://localhost:8787/api/admin/requirements/documents/cmm4yur9304b5cuqwauhbo864/view"";""Öppna PDF"")";"=HYPERLINK(""http://localhost:8787/api/admin/requirements/documents/cmm4yur9304b5cuqwauhbo864/view"",""Open PDF"")";cmm55w57p0004cuisfrtpqly8;cmm4xvu980000cuh4vj0usz09;;Kommun;;2025-447;Forelaggande;2026-02-10;m-2025-851_Föreläggande om försiktighetsmått.pdf;Sv: till registrator;AUTO;;;AUTO_GENERERAD. Bekrafta metadata mot kallfil.
ADMIN-INDEX-2026-02-27-00000000125C043F57453246863FE664CAFE6A3F0700950291EA24F0614FB6ACEDB12BF0E31D00000000010C0000950291EA24F0614FB6ACEDB12BF0E31D00002087A58F0000;cmm4yur8f04ahcuqwwwzodl6h;http://localhost:8787/api/admin/requirements/documents/cmm4yur8f04ahcuqwwwzodl6h/view;"=HYPERLÄNK(""http://localhost:8787/api/admin/requirements/documents/cmm4yur8f04ahcuqwwwzodl6h/view"";""Öppna PDF"")";"=HYPERLINK(""http://localhost:8787/api/admin/requirements/documents/cmm4yur8f04ahcuqwwwzodl6h/view"",""Open PDF"")";cmm55w57p0004cuisfrtpqly8;cmm4xvu980000cuh4vj0usz09;Marks;Kommun;Marks kommun;2025-09;Beslut;2026-02-10;MIL.2025.1276.pdf;Sv: till registrator;AUTO;;;AUTO_GENERERAD. Bekrafta metadata mot kallfil.
ADMIN-INDEX-2026-02-27-00000000125C043F57453246863FE664CAFE6A3F0700950291EA24F0614FB6ACEDB12BF0E31D00000000010C0000950291EA24F0614FB6ACEDB12BF0E31D00002087ADF10000;cmm4yuqjs03nncuqw2tfjq4a3;http://localhost:8787/api/admin/requirements/documents/cmm4yuqjs03nncuqw2tfjq4a3/view;"=HYPERLÄNK(""http://localhost:8787/api/admin/requirements/documents/cmm4yuqjs03nncuqw2tfjq4a3/view"";""Öppna PDF"")";"=HYPERLINK(""http://localhost:8787/api/admin/requirements/documents/cmm4yuqjs03nncuqw2tfjq4a3/view"",""Open PDF"")";cmm55w57p0004cuisfrtpqly8;cmm4xvu980000cuh4vj0usz09;;Kommun;;2016-04;Anmalan;2026-02-05;anmälan 2024-1627.pdf;Sv: till registrator;AUTO;;;AUTO_GENERERAD. Bekrafta metadata mot kallfil.
ADMIN-INDEX-2026-02-27-00000000125C043F57453246863FE664CAFE6A3F0700950291EA24F0614FB6ACEDB12BF0E31D00000000010C0000950291EA24F0614FB6ACEDB12BF0E31D00002087A5AF0000;cmm4yur4a046bcuqwmcjygg3z;http://localhost:8787/api/admin/requirements/documents/cmm4yur4a046bcuqwmcjygg3z/view;"=HYPERLÄNK(""http://localhost:8787/api/admin/requirements/documents/cmm4yur4a046bcuqwmcjygg3z/view"";""Öppna PDF"")";"=HYPERLINK(""http://localhost:8787/api/admin/requirements/documents/cmm4yur4a046bcuqwmcjygg3z/view"",""Open PDF"")";cmm55w57p0004cuisfrtpqly8;cmm4xvu980000cuh4vj0usz09;;Kommun;;2024-09;Beslut;2026-02-06;Beskrivning av avnmälan.pdf;Begäran om allmänna handlingar;AUTO;;;AUTO_GENERERAD. Bekrafta metadata mot kallfil.
ADMIN-INDEX-2026-02-27-00000000125C043F57453246863FE664CAFE6A3F0700950291EA24F0614FB6ACEDB12BF0E31D00000000010C0000950291EA24F0614FB6ACEDB12BF0E31D00002087A5B00000;cmm4yur3u045wcuqwtxlgiv42;http://localhost:8787/api/admin/requirements/documents/cmm4yur3u045wcuqwtxlgiv42/view;"=HYPERLÄNK(""http://localhost:8787/api/admin/requirements/documents/cmm4yur3u045wcuqwtxlgiv42/view"";""Öppna PDF"")";"=HYPERLINK(""http://localhost:8787/api/admin/requirements/documents/cmm4yur3u045wcuqwtxlgiv42/view"",""Open PDF"")";cmm55w57p0004cuisfrtpqly8;cmm4xvu980000cuh4vj0usz09;;Kommun;;;Beslut;2026-02-06;Situationsplan.pdf;Begäran om handlingar;AUTO;;;AUTO_GENERERAD. Bekrafta metadata mot kallfil.
ADMIN-INDEX-2026-02-27-00000000125C043F57453246863FE664CAFE6A3F0700950291EA24F0614FB6ACEDB12BF0E31D00000000010C0000950291EA24F0614FB6ACEDB12BF0E31D00002087A5B60000;cmm4yur1o0445cuqwxuhvyn1e;http://localhost:8787/api/admin/requirements/documents/cmm4yur1o0445cuqwxuhvyn1e/view;"=HYPERLÄNK(""http://localhost:8787/api/admin/requirements/documents/cmm4yur1o0445cuqwxuhvyn1e/view"";""Öppna PDF"")";"=HYPERLINK(""http://localhost:8787/api/admin/requirements/documents/cmm4yur1o0445cuqwxuhvyn1e/view"",""Open PDF"")";cmm55w57p0004cuisfrtpqly8;cmm4xvu980000cuh4vj0usz09;E-POSTADRESS Varbergs;Kommun;E-POSTADRESS Varbergs kommun;2025-1187;Beslut;2026-02-06;Beslut Grävtjänst.pdf;Sv: till registrator;AUTO;;;AUTO_GENERERAD. Bekrafta metadata mot kallfil.
ADMIN-INDEX-2026-02-27-00000000125C043F57453246863FE664CAFE6A3F0700950291EA24F0614FB6ACEDB12BF0E31D00000000010C0000950291EA24F0614FB6ACEDB12BF0E31D00002087A5C50000;cmm4yur0g042wcuqw7dqgvnqv;http://localhost:8787/api/admin/requirements/documents/cmm4yur0g042wcuqw7dqgvnqv/view;"=HYPERLÄNK(""http://localhost:8787/api/admin/requirements/documents/cmm4yur0g042wcuqw7dqgvnqv/view"";""Öppna PDF"")";"=HYPERLINK(""http://localhost:8787/api/admin/requirements/documents/cmm4yur0g042wcuqw7dqgvnqv/view"",""Open PDF"")";cmm55w57p0004cuisfrtpqly8;cmm4xvu980000cuh4vj0usz09;;Kommun;;2024-03;Beslut;2026-02-05;MILJ2024450.pdf;Handlingar;AUTO;;;AUTO_GENERERAD. Bekrafta metadata mot kallfil.
ADMIN-INDEX-2026-02-27-00000000125C043F57453246863FE664CAFE6A3F0700950291EA24F0614FB6ACEDB12BF0E31D00000000010C0000950291EA24F0614FB6ACEDB12BF0E31D00002087A5CC0000;cmm4yuqzv0428cuqw5ms9lenv;http://localhost:8787/api/admin/requirements/documents/cmm4yuqzv0428cuqw5ms9lenv/view;"=HYPERLÄNK(""http://localhost:8787/api/admin/requirements/documents/cmm4yuqzv0428cuqw5ms9lenv/view"";""Öppna PDF"")";"=HYPERLINK(""http://localhost:8787/api/admin/requirements/documents/cmm4yuqzv0428cuqw5ms9lenv/view"",""Open PDF"")";cmm55w57p0004cuisfrtpqly8;cmm4xvu980000cuh4vj0usz09;;Kommun;;2023-12;Anmalan;2026-02-05;Anmälan om miljöfarlig verksamhet - signed.pdf;Sv: till registrator;AUTO;;;AUTO_GENERERAD. Bekrafta metadata mot kallfil.
ADMIN-INDEX-2026-02-27-00000000125C043F57453246863FE664CAFE6A3F0700950291EA24F0614FB6ACEDB12BF0E31D00000000010C0000950291EA24F0614FB6ACEDB12BF0E31D00002087A5C30000;cmm4yur0n0435cuqwm93q1pqq;http://localhost:8787/api/admin/requirements/documents/cmm4yur0n0435cuqwm93q1pqq/view;"=HYPERLÄNK(""http://localhost:8787/api/admin/requirements/documents/cmm4yur0n0435cuqwm93q1pqq/view"";""Öppna PDF"")";"=HYPERLINK(""http://localhost:8787/api/admin/requirements/documents/cmm4yur0n0435cuqwm93q1pqq/view"",""Open PDF"")";cmm55w57p0004cuisfrtpqly8;cmm4xvu980000cuh4vj0usz09;;Kommun;;2024-10;Beslut;2026-02-05;MILJ20241666.pdf;Handlingar;AUTO;;;AUTO_GENERERAD. Bekrafta metadata mot kallfil.
ADMIN-INDEX-2026-02-27-00000000125C043F57453246863FE664CAFE6A3F0700950291EA24F0614FB6ACEDB12BF0E31D00000000010C0000950291EA24F0614FB6ACEDB12BF0E31D00002087A5C40000;cmm4yur0k0432cuqweo5zpqdy;http://localhost:8787/api/admin/requirements/documents/cmm4yur0k0432cuqweo5zpqdy/view;"=HYPERLÄNK(""http://localhost:8787/api/admin/requirements/documents/cmm4yur0k0432cuqweo5zpqdy/view"";""Öppna PDF"")";"=HYPERLINK(""http://localhost:8787/api/admin/requirements/documents/cmm4yur0k0432cuqweo5zpqdy/view"",""Open PDF"")";cmm55w57p0004cuisfrtpqly8;cmm4xvu980000cuh4vj0usz09;;Kommun;;2024-10;Beslut;2026-02-05;MILJ20241666.pdf;Handlingar;AUTO;;;AUTO_GENERERAD. Bekrafta metadata mot kallfil.
ADMIN-INDEX-2026-02-27-00000000125C043F57453246863FE664CAFE6A3F0700950291EA24F0614FB6ACEDB12BF0E31D00000000010C0000950291EA24F0614FB6ACEDB12BF0E31D00002087A5D50000;cmm4yuqwp040zcuqw83rklvza;http://localhost:8787/api/admin/requirements/documents/cmm4yuqwp040zcuqw83rklvza/view;"=HYPERLÄNK(""http://localhost:8787/api/admin/requirements/documents/cmm4yuqwp040zcuqw83rklvza/view"";""Öppna PDF"")";"=HYPERLINK(""http://localhost:8787/api/admin/requirements/documents/cmm4yuqwp040zcuqw83rklvza/view"",""Open PDF"")";cmm55w57p0004cuisfrtpqly8;cmm4xvu980000cuh4vj0usz09;i Stenungsunds;Kommun;i Stenungsunds kommun;2024-04;Beslut;2026-02-05;M-2024-554.pdf;Sv: till registrator;AUTO;;;AUTO_GENERERAD. Bekrafta metadata mot kallfil.
ADMIN-INDEX-2026-02-27-00000000125C043F57453246863FE664CAFE6A3F0700950291EA24F0614FB6ACEDB12BF0E31D00000000010C0000950291EA24F0614FB6ACEDB12BF0E31D00002087A5D60000;cmm4yuqwg040qcuqw4w3wh8u8;http://localhost:8787/api/admin/requirements/documents/cmm4yuqwg040qcuqw4w3wh8u8/view;"=HYPERLÄNK(""http://localhost:8787/api/admin/requirements/documents/cmm4yuqwg040qcuqw4w3wh8u8/view"";""Öppna PDF"")";"=HYPERLINK(""http://localhost:8787/api/admin/requirements/documents/cmm4yuqwg040qcuqw4w3wh8u8/view"",""Open PDF"")";cmm55w57p0004cuisfrtpqly8;cmm4xvu980000cuh4vj0usz09;;Kommun;;2025-10;Beslut;2026-02-05;M-2025-1072.pdf;Sv: till registrator;AUTO;;;AUTO_GENERERAD. Bekrafta metadata mot kallfil.
ADMIN-INDEX-2026-02-27-00000000125C043F57453246863FE664CAFE6A3F0700950291EA24F0614FB6ACEDB12BF0E31D00000000010C0000950291EA24F0614FB6ACEDB12BF0E31D00002087A5CB0000;cmm4yur01042ecuqwjjvrz035;http://localhost:8787/api/admin/requirements/documents/cmm4yur01042ecuqwjjvrz035/view;"=HYPERLÄNK(""http://localhost:8787/api/admin/requirements/documents/cmm4yur01042ecuqwjjvrz035/view"";""Öppna PDF"")";"=HYPERLINK(""http://localhost:8787/api/admin/requirements/documents/cmm4yur01042ecuqwjjvrz035/view"",""Open PDF"")";cmm55w57p0004cuisfrtpqly8;cmm4xvu980000cuh4vj0usz09;;Kommun;;2023-12;Anmalan;2026-02-05;Anmälan om miljöfarlig verksamhet - signed.pdf;Sv: till registrator;AUTO;;;AUTO_GENERERAD. Bekrafta metadata mot kallfil.
ADMIN-INDEX-2026-02-27-00000000125C043F57453246863FE664CAFE6A3F0700950291EA24F0614FB6ACEDB12BF0E31D00000000010C0000950291EA24F0614FB6ACEDB12BF0E31D00002087A5DE0000;cmm4yuqmh03qecuqwuamnbmp4;http://localhost:8787/api/admin/requirements/documents/cmm4yuqmh03qecuqwuamnbmp4/view;"=HYPERLÄNK(""http://localhost:8787/api/admin/requirements/documents/cmm4yuqmh03qecuqwuamnbmp4/view"";""Öppna PDF"")";"=HYPERLINK(""http://localhost:8787/api/admin/requirements/documents/cmm4yuqmh03qecuqwuamnbmp4/view"",""Open PDF"")";cmm55w57p0004cuisfrtpqly8;cmm4xvu980000cuh4vj0usz09;-- Skinnskattebergs;Kommun;-- Skinnskattebergs kommun;2013:251;Anmalan;2026-02-05;Anmälan slamkompostering.pdf;Sv: till registrator;AUTO;;;AUTO_GENERERAD. Bekrafta metadata mot kallfil.
ADMIN-INDEX-2026-02-27-00000000125C043F57453246863FE664CAFE6A3F0700950291EA24F0614FB6ACEDB12BF0E31D00000000010C0000950291EA24F0614FB6ACEDB12BF0E31D00002087A5BE0000;cmm4yur0v043ecuqw8uyv5zks;http://localhost:8787/api/admin/requirements/documents/cmm4yur0v043ecuqw8uyv5zks/view;"=HYPERLÄNK(""http://localhost:8787/api/admin/requirements/documents/cmm4yur0v043ecuqw8uyv5zks/view"";""Öppna PDF"")";"=HYPERLINK(""http://localhost:8787/api/admin/requirements/documents/cmm4yur0v043ecuqw8uyv5zks/view"",""Open PDF"")";cmm55w57p0004cuisfrtpqly8;cmm4xvu980000cuh4vj0usz09;;Kommun;;2022-09;Beslut;2026-02-05;Teknisk beskrivning.pdf;Sv: till registrator;AUTO;;;AUTO_GENERERAD. Bekrafta metadata mot kallfil.
ADMIN-INDEX-2026-02-27-00000000125C043F57453246863FE664CAFE6A3F0700950291EA24F0614FB6ACEDB12BF0E31D00000000010C0000950291EA24F0614FB6ACEDB12BF0E31D00002087A5900000;cmm4yur8204a2cuqw8bjwvcaq;http://localhost:8787/api/admin/requirements/documents/cmm4yur8204a2cuqw8bjwvcaq/view;"=HYPERLÄNK(""http://localhost:8787/api/admin/requirements/documents/cmm4yur8204a2cuqw8bjwvcaq/view"";""Öppna PDF"")";"=HYPERLINK(""http://localhost:8787/api/admin/requirements/documents/cmm4yur8204a2cuqw8bjwvcaq/view"",""Open PDF"")";cmm55w57p0004cuisfrtpqly8;cmm4xvu980000cuh4vj0usz09;-- Emmaboda;Kommun;-- Emmaboda kommun;1998:899;Beslut;2026-02-10;1043_001_BMN-2024-497_2024-06-17.pdf;Sv: till registrator;AUTO;;;AUTO_GENERERAD. Bekrafta metadata mot kallfil.
ADMIN-INDEX-2026-02-27-00000000125C043F57453246863FE664CAFE6A3F0700950291EA24F0614FB6ACEDB12BF0E31D00000000010C0000950291EA24F0614FB6ACEDB12BF0E31D00002087ADF20000;cmm4yuqiy03mtcuqwzwa03bvg;http://localhost:8787/api/admin/requirements/documents/cmm4yuqiy03mtcuqwzwa03bvg/view;"=HYPERLÄNK(""http://localhost:8787/api/admin/requirements/documents/cmm4yuqiy03mtcuqwzwa03bvg/view"";""Öppna PDF"")";"=HYPERLINK(""http://localhost:8787/api/admin/requirements/documents/cmm4yuqiy03mtcuqwzwa03bvg/view"",""Open PDF"")";cmm55w57p0004cuisfrtpqly8;cmm4xvu980000cuh4vj0usz09;E-POSTADRESS Varbergs;Kommun;E-POSTADRESS Varbergs kommun;2024-1352;Beslut;2026-02-05;Beslut 2024-1627.pdf;Sv: till registrator;AUTO;;;AUTO_GENERERAD. Bekrafta metadata mot kallfil.
ADMIN-INDEX-2026-02-27-00000000125C043F57453246863FE664CAFE6A3F0700950291EA24F0614FB6ACEDB12BF0E31D00000000010C0000950291EA24F0614FB6ACEDB12BF0E31D00002087ADF40000;cmm4yuqgw03ktcuqwsj8z1sdd;http://localhost:8787/api/admin/requirements/documents/cmm4yuqgw03ktcuqwsj8z1sdd/view;"=HYPERLÄNK(""http://localhost:8787/api/admin/requirements/documents/cmm4yuqgw03ktcuqwsj8z1sdd/view"";""Öppna PDF"")";"=HYPERLINK(""http://localhost:8787/api/admin/requirements/documents/cmm4yuqgw03ktcuqwsj8z1sdd/view"",""Open PDF"")";cmm55w57p0004cuisfrtpqly8;cmm4xvu980000cuh4vj0usz09;fattat av Miljöskyddsenheten i Varbergs;Kommun;fattat av Miljöskyddsenheten i Varbergs kommun;2024-05;Beslut;2026-02-05;PM Sedimentationsdammar 2024-1596.pdf;Sv: till registrator;AUTO;;;AUTO_GENERERAD. Bekrafta metadata mot kallfil.
ADMIN-INDEX-2026-02-27-00000000125C043F57453246863FE664CAFE6A3F0700950291EA24F0614FB6ACEDB12BF0E31D00000000010C0000950291EA24F0614FB6ACEDB12BF0E31D00002087ADF50000;cmm4yuqfo03jhcuqwgv6re8pd;http://localhost:8787/api/admin/requirements/documents/cmm4yuqfo03jhcuqwgv6re8pd/view;"=HYPERLÄNK(""http://localhost:8787/api/admin/requirements/documents/cmm4yuqfo03jhcuqwgv6re8pd/view"";""Öppna PDF"")";"=HYPERLINK(""http://localhost:8787/api/admin/requirements/documents/cmm4yuqfo03jhcuqwgv6re8pd/view"",""Open PDF"")";cmm55w57p0004cuisfrtpqly8;cmm4xvu980000cuh4vj0usz09;;Kommun;;2013:251;Anmalan;2026-02-05;Omnires Holding AB Anmälan om behandling av avfall 20250225.pdf;Begäran om utlämnande av allmän handling – Anmälningar och beslut rörande mellanlagring av avfall samt anläggning av ytor;AUTO;;;AUTO_GENERERAD. Bekrafta metadata mot kallfil.
ADMIN-INDEX-2026-02-27-00000000125C043F57453246863FE664CAFE6A3F0700950291EA24F0614FB6ACEDB12BF0E31D00000000010C0000950291EA24F0614FB6ACEDB12BF0E31D00002087ADF60000;cmm4yuqfk03jecuqwviqg72hj;http://localhost:8787/api/admin/requirements/documents/cmm4yuqfk03jecuqwviqg72hj/view;"=HYPERLÄNK(""http://localhost:8787/api/admin/requirements/documents/cmm4yuqfk03jecuqwviqg72hj/view"";""Öppna PDF"")";"=HYPERLINK(""http://localhost:8787/api/admin/requirements/documents/cmm4yuqfk03jecuqwviqg72hj/view"",""Open PDF"")";cmm55w57p0004cuisfrtpqly8;cmm4xvu980000cuh4vj0usz09;;Kommun;;2013:251;Anmalan;2026-02-05;Omnires Holding AB Anmälan om behandling av avfall 20250225.pdf;Begäran om utlämnande av allmän handling – Anmälningar och beslut rörande mellanlagring av avfall samt anläggning av ytor;AUTO;;;AUTO_GENERERAD. Bekrafta metadata mot kallfil.
ADMIN-INDEX-2026-02-27-00000000125C043F57453246863FE664CAFE6A3F0700950291EA24F0614FB6ACEDB12BF0E31D00000000010C0000950291EA24F0614FB6ACEDB12BF0E31D00002087ADF70000;cmm4yuqfi03jbcuqw695vrv4c;http://localhost:8787/api/admin/requirements/documents/cmm4yuqfi03jbcuqw695vrv4c/view;"=HYPERLÄNK(""http://localhost:8787/api/admin/requirements/documents/cmm4yuqfi03jbcuqw695vrv4c/view"";""Öppna PDF"")";"=HYPERLINK(""http://localhost:8787/api/admin/requirements/documents/cmm4yuqfi03jbcuqw695vrv4c/view"",""Open PDF"")";cmm55w57p0004cuisfrtpqly8;cmm4xvu980000cuh4vj0usz09;-- arlstads;Kommun;-- arlstads kommun;2026-01;Komplettering;2026-02-05;Per Eriksson Åsen 1 17 Komplettering av anmälan.pdf;Begäran om utlämnande av allmän handling – Anmälningar och beslut rörande mellanlagring av avfall samt anläggning av ytor;AUTO;;;AUTO_GENERERAD. Bekrafta metadata mot kallfil.
ADMIN-INDEX-2026-02-27-00000000125C043F57453246863FE664CAFE6A3F0700950291EA24F0614FB6ACEDB12BF0E31D00000000010C0000950291EA24F0614FB6ACEDB12BF0E31D00002087AE000000;cmm4yuqc903g5cuqwme802knw;http://localhost:8787/api/admin/requirements/documents/cmm4yuqc903g5cuqwme802knw/view;"=HYPERLÄNK(""http://localhost:8787/api/admin/requirements/documents/cmm4yuqc903g5cuqwme802knw/view"";""Öppna PDF"")";"=HYPERLINK(""http://localhost:8787/api/admin/requirements/documents/cmm4yuqc903g5cuqwme802knw/view"",""Open PDF"")";cmm55w57p0004cuisfrtpqly8;cmm4xvu980000cuh4vj0usz09;avfall samt anläggning av ytor Karlstads;Kommun;avfall samt anläggning av ytor Karlstads kommun;;Anmalan;2026-02-05;Karlstads kommun Anmälan om lagring av avfall Skåre 1 369 Beslut 250820.pdf;Begäran om utlämnande av allmän handling – Anmälningar och beslut rörande mellanlagring av avfall samt anläggning av ytor;AUTO;;;AUTO_GENERERAD. Bekrafta metadata mot kallfil.
ADMIN-INDEX-2026-02-27-00000000125C043F57453246863FE664CAFE6A3F0700950291EA24F0614FB6ACEDB12BF0E31D00000000010C0000950291EA24F0614FB6ACEDB12BF0E31D00002087AE070000;cmm4yuq9d03dncuqwwomqoxjw;http://localhost:8787/api/admin/requirements/documents/cmm4yuq9d03dncuqwwomqoxjw/view;"=HYPERLÄNK(""http://localhost:8787/api/admin/requirements/documents/cmm4yuq9d03dncuqwwomqoxjw/view"";""Öppna PDF"")";"=HYPERLINK(""http://localhost:8787/api/admin/requirements/documents/cmm4yuq9d03dncuqwwomqoxjw/view"",""Open PDF"")";cmm55w57p0004cuisfrtpqly8;cmm4xvu980000cuh4vj0usz09;;Kommun;;2025-07;Beslut;2026-02-04;MN-2025-421-Sv_ Fyllnadsmassor Arvidsjaur 5_14.pdf;Sv: till registrator;AUTO;;;AUTO_GENERERAD. Bekrafta metadata mot kallfil.
ADMIN-INDEX-2026-02-27-00000000125C043F57453246863FE664CAFE6A3F0700950291EA24F0614FB6ACEDB12BF0E31D00000000010C0000950291EA24F0614FB6ACEDB12BF0E31D00002087AE080000;cmm4yuq8h03cqcuqw79qvo0km;http://localhost:8787/api/admin/requirements/documents/cmm4yuq8h03cqcuqw79qvo0km/view;"=HYPERLÄNK(""http://localhost:8787/api/admin/requirements/documents/cmm4yuq8h03cqcuqw79qvo0km/view"";""Öppna PDF"")";"=HYPERLINK(""http://localhost:8787/api/admin/requirements/documents/cmm4yuq8h03cqcuqw79qvo0km/view"",""Open PDF"")";cmm55w57p0004cuisfrtpqly8;cmm4xvu980000cuh4vj0usz09;-- Arvidsjaurs;Kommun;-- Arvidsjaurs kommun;0600-1800;Anmalan;2026-02-04;MN-2025-421-Anmälan.pdf;Sv: till registrator;AUTO;;;AUTO_GENERERAD. Bekrafta metadata mot kallfil.
ADMIN-INDEX-2026-02-27-00000000125C043F57453246863FE664CAFE6A3F0700950291EA24F0614FB6ACEDB12BF0E31D00000000010C0000950291EA24F0614FB6ACEDB12BF0E31D00002087AE0C0000;cmm4yuq7z03c8cuqwfikjuwgu;http://localhost:8787/api/admin/requirements/documents/cmm4yuq7z03c8cuqwfikjuwgu/view;"=HYPERLÄNK(""http://localhost:8787/api/admin/requirements/documents/cmm4yuq7z03c8cuqwfikjuwgu/view"";""Öppna PDF"")";"=HYPERLINK(""http://localhost:8787/api/admin/requirements/documents/cmm4yuq7z03c8cuqwfikjuwgu/view"",""Open PDF"")";cmm55w57p0004cuisfrtpqly8;cmm4xvu980000cuh4vj0usz09;;Kommun;;2019-4598;Anmalan;2026-02-04;Diariekort anmälningspliktiga verksamheter.pdf;VB: till registrator;AUTO;;;AUTO_GENERERAD. Bekrafta metadata mot kallfil.
ADMIN-INDEX-2026-02-27-00000000125C043F57453246863FE664CAFE6A3F0700950291EA24F0614FB6ACEDB12BF0E31D00000000010C0000950291EA24F0614FB6ACEDB12BF0E31D00002087AE0F0000;cmm4yuq7w03c5cuqwlsylb0mg;http://localhost:8787/api/admin/requirements/documents/cmm4yuq7w03c5cuqwlsylb0mg/view;"=HYPERLÄNK(""http://localhost:8787/api/admin/requirements/documents/cmm4yuq7w03c5cuqwlsylb0mg/view"";""Öppna PDF"")";"=HYPERLINK(""http://localhost:8787/api/admin/requirements/documents/cmm4yuq7w03c5cuqwlsylb0mg/view"",""Open PDF"")";cmm55w57p0004cuisfrtpqly8;cmm4xvu980000cuh4vj0usz09;Östersunds;Kommun;Östersunds kommun;2025-07;Anmalan;2026-02-04;Handlingar för ärende TN-00592-2025.pdf;Handlingar för ärende TN-00592-2025, Anmälan av miljöfarlig verksamhet - Tillfällig insamling av trädgårdsavfall Frösön - Frösö-Berge 21:212;AUTO;;;AUTO_GENERERAD. Bekrafta metadata mot kallfil.
ADMIN-INDEX-2026-02-27-00000000125C043F57453246863FE664CAFE6A3F0700950291EA24F0614FB6ACEDB12BF0E31D00000000010C0000950291EA24F0614FB6ACEDB12BF0E31D00002087AE230000;cmm4yuq7503bbcuqway70c0xj;http://localhost:8787/api/admin/requirements/documents/cmm4yuq7503bbcuqway70c0xj/view;"=HYPERLÄNK(""http://localhost:8787/api/admin/requirements/documents/cmm4yuq7503bbcuqway70c0xj/view"";""Öppna PDF"")";"=HYPERLINK(""http://localhost:8787/api/admin/requirements/documents/cmm4yuq7503bbcuqway70c0xj/view"",""Open PDF"")";cmm55w57p0004cuisfrtpqly8;cmm4xvu980000cuh4vj0usz09;;Kommun;;2024-11;Anmalan;2026-02-04;anmälan.pdf;till registrator;AUTO;;;AUTO_GENERERAD. Bekrafta metadata mot kallfil.
ADMIN-INDEX-2026-02-27-00000000125C043F57453246863FE664CAFE6A3F0700950291EA24F0614FB6ACEDB12BF0E31D00000000010C0000950291EA24F0614FB6ACEDB12BF0E31D00002087AE240000;cmm4yuq6r03awcuqwq022xuhi;http://localhost:8787/api/admin/requirements/documents/cmm4yuq6r03awcuqwq022xuhi/view;"=HYPERLÄNK(""http://localhost:8787/api/admin/requirements/documents/cmm4yuq6r03awcuqwq022xuhi/view"";""Öppna PDF"")";"=HYPERLINK(""http://localhost:8787/api/admin/requirements/documents/cmm4yuq6r03awcuqwq022xuhi/view"",""Open PDF"")";cmm55w57p0004cuisfrtpqly8;cmm4xvu980000cuh4vj0usz09;Postadress Gagnefs;Kommun;Postadress Gagnefs kommun;2024-12;Beslut;2026-02-04;beslut.pdf;till registrator;AUTO;;;AUTO_GENERERAD. Bekrafta metadata mot kallfil.
ADMIN-INDEX-2026-02-27-00000000125C043F57453246863FE664CAFE6A3F0700950291EA24F0614FB6ACEDB12BF0E31D00000000010C0000950291EA24F0614FB6ACEDB12BF0E31D00002087AE2B0000;cmm4yuq6o03atcuqwooffjadk;http://localhost:8787/api/admin/requirements/documents/cmm4yuq6o03atcuqwooffjadk/view;"=HYPERLÄNK(""http://localhost:8787/api/admin/requirements/documents/cmm4yuq6o03atcuqwooffjadk/view"";""Öppna PDF"")";"=HYPERLINK(""http://localhost:8787/api/admin/requirements/documents/cmm4yuq6o03atcuqwooffjadk/view"",""Open PDF"")";cmm55w57p0004cuisfrtpqly8;cmm4xvu980000cuh4vj0usz09;-- Borgholms;Kommun;-- Borgholms kommun;2023-12;Beslut;2026-02-04;FÖRA 8_4 MBN-2023-1561 Delegationsbeslut 2023-12-27.pdf;Sv: till registrator;AUTO;;;AUTO_GENERERAD. Bekrafta metadata mot kallfil.
ADMIN-INDEX-2026-02-27-00000000125C043F57453246863FE664CAFE6A3F0700950291EA24F0614FB6ACEDB12BF0E31D00000000010C0000950291EA24F0614FB6ACEDB12BF0E31D00002087AE2E0000;cmm4yuq5w039zcuqwnutcz35o;http://localhost:8787/api/admin/requirements/documents/cmm4yuq5w039zcuqwnutcz35o/view;"=HYPERLÄNK(""http://localhost:8787/api/admin/requirements/documents/cmm4yuq5w039zcuqwnutcz35o/view"";""Öppna PDF"")";"=HYPERLINK(""http://localhost:8787/api/admin/requirements/documents/cmm4yuq5w039zcuqwnutcz35o/view"",""Open PDF"")";cmm55w57p0004cuisfrtpqly8;cmm4xvu980000cuh4vj0usz09;pdf Karlstads;Kommun;pdf Karlstads kommun;2025-04;Forelaggande;2026-02-04;Föreläggande försiktighetsåtgärder_Bortredigerad.pdf;VB:  Begäran om utlämnande av allmän handling – Anmälningar och beslut rörande mellanlagring av avfall samt anläggning av ytor;AUTO;;;AUTO_GENERERAD. Bekrafta metadata mot kallfil.
ADMIN-INDEX-2026-02-27-00000000125C043F57453246863FE664CAFE6A3F0700950291EA24F0614FB6ACEDB12BF0E31D00000000010C0000950291EA24F0614FB6ACEDB12BF0E31D00002087AE330000;cmm4yuq56039bcuqw31feylkb;http://localhost:8787/api/admin/requirements/documents/cmm4yuq56039bcuqw31feylkb/view;"=HYPERLÄNK(""http://localhost:8787/api/admin/requirements/documents/cmm4yuq56039bcuqw31feylkb/view"";""Öppna PDF"")";"=HYPERLINK(""http://localhost:8787/api/admin/requirements/documents/cmm4yuq56039bcuqw31feylkb/view"",""Open PDF"")";cmm55w57p0004cuisfrtpqly8;cmm4xvu980000cuh4vj0usz09;Säffle;Kommun;Säffle kommun;0533-68;Anmalan;2026-02-04;Anmälningsbeslut - Avelsäter 1_46.pdf;Sv: till registrator;AUTO;;;AUTO_GENERERAD. Bekrafta metadata mot kallfil.
ADMIN-INDEX-2026-02-27-00000000125C043F57453246863FE664CAFE6A3F0700950291EA24F0614FB6ACEDB12BF0E31D00000000010C0000950291EA24F0614FB6ACEDB12BF0E31D00002087AE590000;cmm4yuprg02whcuqwxnhw7fpc;http://localhost:8787/api/admin/requirements/documents/cmm4yuprg02whcuqwxnhw7fpc/view;"=HYPERLÄNK(""http://localhost:8787/api/admin/requirements/documents/cmm4yuprg02whcuqwxnhw7fpc/view"";""Öppna PDF"")";"=HYPERLINK(""http://localhost:8787/api/admin/requirements/documents/cmm4yuprg02whcuqwxnhw7fpc/view"",""Open PDF"")";cmm55w57p0004cuisfrtpqly8;cmm4xvu980000cuh4vj0usz09;;Kommun;;2024-1293;Anmalan;2026-02-04;Anmälan miljöfarlig verksamhet.pdf;Ärende 2024-1293 - Begäran om utdrag av allmän handling;AUTO;;;AUTO_GENERERAD. Bekrafta metadata mot kallfil.
ADMIN-INDEX-2026-02-27-00000000125C043F57453246863FE664CAFE6A3F0700950291EA24F0614FB6ACEDB12BF0E31D00000000010C0000950291EA24F0614FB6ACEDB12BF0E31D00002087A5D20000;cmm4yuqws0412cuqw9oh6824u;http://localhost:8787/api/admin/requirements/documents/cmm4yuqws0412cuqw9oh6824u/view;"=HYPERLÄNK(""http://localhost:8787/api/admin/requirements/documents/cmm4yuqws0412cuqw9oh6824u/view"";""Öppna PDF"")";"=HYPERLINK(""http://localhost:8787/api/admin/requirements/documents/cmm4yuqws0412cuqw9oh6824u/view"",""Open PDF"")";cmm55w57p0004cuisfrtpqly8;cmm4xvu980000cuh4vj0usz09;;Kommun;;0381-66;Beslut;2026-02-05;YDR Miljö Registrering C-anläggning YDM 2025 131.pdf;Re: till registrator;AUTO;;;AUTO_GENERERAD. Bekrafta metadata mot kallfil.
ADMIN-INDEX-2026-02-27-00000000125C043F57453246863FE664CAFE6A3F0700950291EA24F0614FB6ACEDB12BF0E31D00000000010C0000950291EA24F0614FB6ACEDB12BF0E31D00002087A5DD0000;cmm4yuqmk03qhcuqwkj7haeic;http://localhost:8787/api/admin/requirements/documents/cmm4yuqmk03qhcuqwkj7haeic/view;"=HYPERLÄNK(""http://localhost:8787/api/admin/requirements/documents/cmm4yuqmk03qhcuqwkj7haeic/view"";""Öppna PDF"")";"=HYPERLINK(""http://localhost:8787/api/admin/requirements/documents/cmm4yuqmk03qhcuqwkj7haeic/view"",""Open PDF"")";cmm55w57p0004cuisfrtpqly8;cmm4xvu980000cuh4vj0usz09;-- Skinnskattebergs;Kommun;-- Skinnskattebergs kommun;2013:251;Anmalan;2026-02-05;Anmälan slamkompostering.pdf;Sv: till registrator;AUTO;;;AUTO_GENERERAD. Bekrafta metadata mot kallfil.
ADMIN-INDEX-2026-02-27-00000000125C043F57453246863FE664CAFE6A3F0700950291EA24F0614FB6ACEDB12BF0E31D00000000010C0000950291EA24F0614FB6ACEDB12BF0E31D00002087ADF00000;cmm4yuqko03okcuqwqo9xwjbf;http://localhost:8787/api/admin/requirements/documents/cmm4yuqko03okcuqwqo9xwjbf/view;"=HYPERLÄNK(""http://localhost:8787/api/admin/requirements/documents/cmm4yuqko03okcuqwqo9xwjbf/view"";""Öppna PDF"")";"=HYPERLINK(""http://localhost:8787/api/admin/requirements/documents/cmm4yuqko03okcuqwqo9xwjbf/view"",""Open PDF"")";cmm55w57p0004cuisfrtpqly8;cmm4xvu980000cuh4vj0usz09;;Kommun;;2022/1163;Beslut;2026-02-05;Avgiftstaxa.pdf;VB: Utlämnande av allmänna handlingar;AUTO;;;AUTO_GENERERAD. Bekrafta metadata mot kallfil.
ADMIN-INDEX-2026-02-27-00000000125C043F57453246863FE664CAFE6A3F0700950291EA24F0614FB6ACEDB12BF0E31D00000000010C0000950291EA24F0614FB6ACEDB12BF0E31D00002087ADF80000;cmm4yuqfc03j5cuqw55mjeltp;http://localhost:8787/api/admin/requirements/documents/cmm4yuqfc03j5cuqw55mjeltp/view;"=HYPERLÄNK(""http://localhost:8787/api/admin/requirements/documents/cmm4yuqfc03j5cuqw55mjeltp/view"";""Öppna PDF"")";"=HYPERLINK(""http://localhost:8787/api/admin/requirements/documents/cmm4yuqfc03j5cuqw55mjeltp/view"",""Open PDF"")";cmm55w57p0004cuisfrtpqly8;cmm4xvu980000cuh4vj0usz09;-- arlstads;Kommun;-- arlstads kommun;2026-01;Komplettering;2026-02-05;Per Eriksson Åsen 1 17 Komplettering av anmälan.pdf;Begäran om utlämnande av allmän handling – Anmälningar och beslut rörande mellanlagring av avfall samt anläggning av ytor;AUTO;;;AUTO_GENERERAD. Bekrafta metadata mot kallfil.
ADMIN-INDEX-2026-02-27-00000000125C043F57453246863FE664CAFE6A3F0700950291EA24F0614FB6ACEDB12BF0E31D00000000010C0000950291EA24F0614FB6ACEDB12BF0E31D00002087ADFC0000;cmm4yuqe203htcuqwlv6hrhhn;http://localhost:8787/api/admin/requirements/documents/cmm4yuqe203htcuqwlv6hrhhn/view;"=HYPERLÄNK(""http://localhost:8787/api/admin/requirements/documents/cmm4yuqe203htcuqwlv6hrhhn/view"";""Öppna PDF"")";"=HYPERLINK(""http://localhost:8787/api/admin/requirements/documents/cmm4yuqe203htcuqwlv6hrhhn/view"",""Open PDF"")";cmm55w57p0004cuisfrtpqly8;cmm4xvu980000cuh4vj0usz09;;Kommun;;2011:927;Anmalan;2026-02-05;Trafikverket anmälan lagring av avfall Skepparen 6 240222.pdf;Begäran om utlämnande av allmän handling – Anmälningar och beslut rörande mellanlagring av avfall samt anläggning av ytor;AUTO;;;AUTO_GENERERAD. Bekrafta metadata mot kallfil.
ADMIN-INDEX-2026-02-27-00000000125C043F57453246863FE664CAFE6A3F0700950291EA24F0614FB6ACEDB12BF0E31D00000000010C0000950291EA24F0614FB6ACEDB12BF0E31D00002087ADFF0000;cmm4yuqch03gbcuqwypxxpf85;http://localhost:8787/api/admin/requirements/documents/cmm4yuqch03gbcuqwypxxpf85/view;"=HYPERLÄNK(""http://localhost:8787/api/admin/requirements/documents/cmm4yuqch03gbcuqwypxxpf85/view"";""Öppna PDF"")";"=HYPERLINK(""http://localhost:8787/api/admin/requirements/documents/cmm4yuqch03gbcuqwypxxpf85/view"",""Open PDF"")";cmm55w57p0004cuisfrtpqly8;cmm4xvu980000cuh4vj0usz09;avfall samt anläggning av ytor Karlstads;Kommun;avfall samt anläggning av ytor Karlstads kommun;;Anmalan;2026-02-05;Karlstads kommun Anmälan om lagring av avfall Skåre 1 369 Beslut 250820.pdf;Begäran om utlämnande av allmän handling – Anmälningar och beslut rörande mellanlagring av avfall samt anläggning av ytor;AUTO;;;AUTO_GENERERAD. Bekrafta metadata mot kallfil.
ADMIN-INDEX-2026-02-27-00000000125C043F57453246863FE664CAFE6A3F0700950291EA24F0614FB6ACEDB12BF0E31D00000000010C0000950291EA24F0614FB6ACEDB12BF0E31D00002087AE0B0000;cmm4yuq8203cbcuqwt5vz11gj;http://localhost:8787/api/admin/requirements/documents/cmm4yuq8203cbcuqwt5vz11gj/view;"=HYPERLÄNK(""http://localhost:8787/api/admin/requirements/documents/cmm4yuq8203cbcuqwt5vz11gj/view"";""Öppna PDF"")";"=HYPERLINK(""http://localhost:8787/api/admin/requirements/documents/cmm4yuq8203cbcuqwt5vz11gj/view"",""Open PDF"")";cmm55w57p0004cuisfrtpqly8;cmm4xvu980000cuh4vj0usz09;;Kommun;;2019-4598;Anmalan;2026-02-04;Diariekort anmälningspliktiga verksamheter.pdf;VB: till registrator;AUTO;;;AUTO_GENERERAD. Bekrafta metadata mot kallfil.
ADMIN-INDEX-2026-02-27-00000000125C043F57453246863FE664CAFE6A3F0700950291EA24F0614FB6ACEDB12BF0E31D00000000010C0000950291EA24F0614FB6ACEDB12BF0E31D00002087AE2D0000;cmm4yuq6203a5cuqwur3o5za9;http://localhost:8787/api/admin/requirements/documents/cmm4yuq6203a5cuqwur3o5za9/view;"=HYPERLÄNK(""http://localhost:8787/api/admin/requirements/documents/cmm4yuq6203a5cuqwur3o5za9/view"";""Öppna PDF"")";"=HYPERLINK(""http://localhost:8787/api/admin/requirements/documents/cmm4yuq6203a5cuqwur3o5za9/view"",""Open PDF"")";cmm55w57p0004cuisfrtpqly8;cmm4xvu980000cuh4vj0usz09;pdf Karlstads;Kommun;pdf Karlstads kommun;2025-04;Forelaggande;2026-02-04;Föreläggande försiktighetsåtgärder_Bortredigerad.pdf;VB:  Begäran om utlämnande av allmän handling – Anmälningar och beslut rörande mellanlagring av avfall samt anläggning av ytor;AUTO;;;AUTO_GENERERAD. Bekrafta metadata mot kallfil.
ADMIN-INDEX-2026-02-27-00000000125C043F57453246863FE664CAFE6A3F0700950291EA24F0614FB6ACEDB12BF0E31D00000000010C0000950291EA24F0614FB6ACEDB12BF0E31D00002087AE5A0000;cmm4yupre02wecuqw90cyqwpp;http://localhost:8787/api/admin/requirements/documents/cmm4yupre02wecuqw90cyqwpp/view;"=HYPERLÄNK(""http://localhost:8787/api/admin/requirements/documents/cmm4yupre02wecuqw90cyqwpp/view"";""Öppna PDF"")";"=HYPERLINK(""http://localhost:8787/api/admin/requirements/documents/cmm4yupre02wecuqw90cyqwpp/view"",""Open PDF"")";cmm55w57p0004cuisfrtpqly8;cmm4xvu980000cuh4vj0usz09;;Kommun;;2024-1293;Beslut;2026-02-04;Egenkontrollprogram.pdf;Ärende 2024-1293 - Begäran om utdrag av allmän handling;AUTO;;;AUTO_GENERERAD. Bekrafta metadata mot kallfil.
ADMIN-INDEX-2026-02-27-00000000125C043F57453246863FE664CAFE6A3F0700950291EA24F0614FB6ACEDB12BF0E31D00000000010C0000950291EA24F0614FB6ACEDB12BF0E31D00002087AE5B0000;cmm4yupr602w5cuqw1ydovq3h;http://localhost:8787/api/admin/requirements/documents/cmm4yupr602w5cuqw1ydovq3h/view;"=HYPERLÄNK(""http://localhost:8787/api/admin/requirements/documents/cmm4yupr602w5cuqw1ydovq3h/view"";""Öppna PDF"")";"=HYPERLINK(""http://localhost:8787/api/admin/requirements/documents/cmm4yupr602w5cuqw1ydovq3h/view"",""Open PDF"")";cmm55w57p0004cuisfrtpqly8;cmm4xvu980000cuh4vj0usz09;Ulricehamns;Kommun;Ulricehamns kommun;0321-59;Forelaggande;2026-02-04;MSB-2025-1907 Delegationsbeslut § 402 Föreläggande 2025-12-12.pdf;Sv: till registrator;AUTO;;;AUTO_GENERERAD. Bekrafta metadata mot kallfil.
ADMIN-INDEX-2026-02-27-00000000125C043F57453246863FE664CAFE6A3F0700950291EA24F0614FB6ACEDB12BF0E31D00000000010C0000950291EA24F0614FB6ACEDB12BF0E31D00002087AE5C0000;cmm4yupqy02vwcuqwkpofglow;http://localhost:8787/api/admin/requirements/documents/cmm4yupqy02vwcuqwkpofglow/view;"=HYPERLÄNK(""http://localhost:8787/api/admin/requirements/documents/cmm4yupqy02vwcuqwkpofglow/view"";""Öppna PDF"")";"=HYPERLINK(""http://localhost:8787/api/admin/requirements/documents/cmm4yupqy02vwcuqwkpofglow/view"",""Open PDF"")";cmm55w57p0004cuisfrtpqly8;cmm4xvu980000cuh4vj0usz09;Ulricehamns;Kommun;Ulricehamns kommun;0321-59;Forelaggande;2026-02-04;MSB-2025-1907 Delegationsbeslut § 402 Föreläggande 2025-12-12.pdf;Sv: till registrator;AUTO;;;AUTO_GENERERAD. Bekrafta metadata mot kallfil.
ADMIN-INDEX-2026-02-27-00000000125C043F57453246863FE664CAFE6A3F0700950291EA24F0614FB6ACEDB12BF0E31D00000000010C0000950291EA24F0614FB6ACEDB12BF0E31D00002087AE5F0000;cmm4yupqq02vncuqwip6s7xdy;http://localhost:8787/api/admin/requirements/documents/cmm4yupqq02vncuqwip6s7xdy/view;"=HYPERLÄNK(""http://localhost:8787/api/admin/requirements/documents/cmm4yupqq02vncuqwip6s7xdy/view"";""Öppna PDF"")";"=HYPERLINK(""http://localhost:8787/api/admin/requirements/documents/cmm4yupqq02vncuqwip6s7xdy/view"",""Open PDF"")";cmm55w57p0004cuisfrtpqly8;cmm4xvu980000cuh4vj0usz09;;Kommun;;2025-08;Beslut;2026-02-04;MB-2025-687 Svar asfalt.pdf;Sv: till registrator;AUTO;;;AUTO_GENERERAD. Bekrafta metadata mot kallfil.
ADMIN-INDEX-2026-02-27-00000000125C043F57453246863FE664CAFE6A3F0700950291EA24F0614FB6ACEDB12BF0E31D00000000010C0000950291EA24F0614FB6ACEDB12BF0E31D00002087AE600000;cmm4yupq802v5cuqwuh2enfih;http://localhost:8787/api/admin/requirements/documents/cmm4yupq802v5cuqwuh2enfih/view;"=HYPERLÄNK(""http://localhost:8787/api/admin/requirements/documents/cmm4yupq802v5cuqwuh2enfih/view"";""Öppna PDF"")";"=HYPERLINK(""http://localhost:8787/api/admin/requirements/documents/cmm4yupq802v5cuqwuh2enfih/view"",""Open PDF"")";cmm55w57p0004cuisfrtpqly8;cmm4xvu980000cuh4vj0usz09;;Kommun;;2025-08;Beslut;2026-02-04;MB-2025-687 Svar asfalt.pdf;Sv: till registrator;AUTO;;;AUTO_GENERERAD. Bekrafta metadata mot kallfil.
ADMIN-INDEX-2026-02-27-00000000125C043F57453246863FE664CAFE6A3F0700950291EA24F0614FB6ACEDB12BF0E31D00000000010C0000950291EA24F0614FB6ACEDB12BF0E31D00002087AE610000;cmm4yupps02uncuqw2oocfvsk;http://localhost:8787/api/admin/requirements/documents/cmm4yupps02uncuqw2oocfvsk/view;"=HYPERLÄNK(""http://localhost:8787/api/admin/requirements/documents/cmm4yupps02uncuqw2oocfvsk/view"";""Öppna PDF"")";"=HYPERLINK(""http://localhost:8787/api/admin/requirements/documents/cmm4yupps02uncuqw2oocfvsk/view"",""Open PDF"")";cmm55w57p0004cuisfrtpqly8;cmm4xvu980000cuh4vj0usz09;;Kommun;;2013:251;Anmalan;2026-02-04;2025-3473 8.pdf;Sv:  Begäran om utlämnande av allmän handling – Anmälningar och beslut rörande mellanlagring av avfall samt anläggning av ytor;AUTO;;;AUTO_GENERERAD. Bekrafta metadata mot kallfil.
ADMIN-INDEX-2026-02-27-00000000125C043F57453246863FE664CAFE6A3F0700950291EA24F0614FB6ACEDB12BF0E31D00000000010C0000950291EA24F0614FB6ACEDB12BF0E31D00002087AE620000;cmm4yupoi02tecuqwcxfb7ykc;http://localhost:8787/api/admin/requirements/documents/cmm4yupoi02tecuqwcxfb7ykc/view;"=HYPERLÄNK(""http://localhost:8787/api/admin/requirements/documents/cmm4yupoi02tecuqwcxfb7ykc/view"";""Öppna PDF"")";"=HYPERLINK(""http://localhost:8787/api/admin/requirements/documents/cmm4yupoi02tecuqwcxfb7ykc/view"",""Open PDF"")";cmm55w57p0004cuisfrtpqly8;cmm4xvu980000cuh4vj0usz09;;Kommun;;2013:251;Anmalan;2026-02-04;2025-3473 8.pdf;Sv:  Begäran om utlämnande av allmän handling – Anmälningar och beslut rörande mellanlagring av avfall samt anläggning av ytor;AUTO;;;AUTO_GENERERAD. Bekrafta metadata mot kallfil.
ADMIN-INDEX-2026-02-27-00000000125C043F57453246863FE664CAFE6A3F0700950291EA24F0614FB6ACEDB12BF0E31D00000000010C0000950291EA24F0614FB6ACEDB12BF0E31D00002087AE630000;cmm4yupmn02rkcuqwjnnwfgym;http://localhost:8787/api/admin/requirements/documents/cmm4yupmn02rkcuqwjnnwfgym/view;"=HYPERLÄNK(""http://localhost:8787/api/admin/requirements/documents/cmm4yupmn02rkcuqwjnnwfgym/view"";""Öppna PDF"")";"=HYPERLINK(""http://localhost:8787/api/admin/requirements/documents/cmm4yupmn02rkcuqwjnnwfgym/view"",""Open PDF"")";cmm55w57p0004cuisfrtpqly8;cmm4xvu980000cuh4vj0usz09;;Kommun;;2025-02;Anmalan;2026-02-04;SBF-2025-376_2025-02-28_Bilaga 1 C-anmälan Markmästarna 2018.pdf;SV: till registrator;AUTO;;;AUTO_GENERERAD. Bekrafta metadata mot kallfil.
ADMIN-INDEX-2026-02-27-00000000125C043F57453246863FE664CAFE6A3F0700950291EA24F0614FB6ACEDB12BF0E31D00000000010C0000950291EA24F0614FB6ACEDB12BF0E31D00002087AE640000;cmm4yuplh02qbcuqwo52fuzbg;http://localhost:8787/api/admin/requirements/documents/cmm4yuplh02qbcuqwo52fuzbg/view;"=HYPERLÄNK(""http://localhost:8787/api/admin/requirements/documents/cmm4yuplh02qbcuqwo52fuzbg/view"";""Öppna PDF"")";"=HYPERLINK(""http://localhost:8787/api/admin/requirements/documents/cmm4yuplh02qbcuqwo52fuzbg/view"",""Open PDF"")";cmm55w57p0004cuisfrtpqly8;cmm4xvu980000cuh4vj0usz09;;Kommun;;2025-02;Anmalan;2026-02-04;SBF-2025-376_2025-02-28_Bilaga 1 C-anmälan Markmästarna 2018.pdf;SV: till registrator;AUTO;;;AUTO_GENERERAD. Bekrafta metadata mot kallfil.
ADMIN-INDEX-2026-02-27-00000000125C043F57453246863FE664CAFE6A3F0700950291EA24F0614FB6ACEDB12BF0E31D00000000010C0000950291EA24F0614FB6ACEDB12BF0E31D00002087AE650000;cmm4yupkl02pecuqwc9aq8lae;http://localhost:8787/api/admin/requirements/documents/cmm4yupkl02pecuqwc9aq8lae/view;"=HYPERLÄNK(""http://localhost:8787/api/admin/requirements/documents/cmm4yupkl02pecuqwc9aq8lae/view"";""Öppna PDF"")";"=HYPERLINK(""http://localhost:8787/api/admin/requirements/documents/cmm4yupkl02pecuqwc9aq8lae/view"",""Open PDF"")";cmm55w57p0004cuisfrtpqly8;cmm4xvu980000cuh4vj0usz09;;Kommun;;1980-08;Anmalan;2026-02-04;Anmälan om mellanlagring av icke.pdf;Begäran om handlingar - Partille;AUTO;;;AUTO_GENERERAD. Bekrafta metadata mot kallfil.
ADMIN-INDEX-2026-02-27-00000000125C043F57453246863FE664CAFE6A3F0700950291EA24F0614FB6ACEDB12BF0E31D00000000010C0000950291EA24F0614FB6ACEDB12BF0E31D00002087AE660000;cmm4yupk402owcuqww06jlz5a;http://localhost:8787/api/admin/requirements/documents/cmm4yupk402owcuqww06jlz5a/view;"=HYPERLÄNK(""http://localhost:8787/api/admin/requirements/documents/cmm4yupk402owcuqww06jlz5a/view"";""Öppna PDF"")";"=HYPERLINK(""http://localhost:8787/api/admin/requirements/documents/cmm4yupk402owcuqww06jlz5a/view"",""Open PDF"")";cmm55w57p0004cuisfrtpqly8;cmm4xvu980000cuh4vj0usz09;;Kommun;;1980-08;Anmalan;2026-02-04;Anmälan om mellanlagring av icke.pdf;Begäran om handlingar - Partille;AUTO;;;AUTO_GENERERAD. Bekrafta metadata mot kallfil.
ADMIN-INDEX-2026-02-27-00000000125C043F57453246863FE664CAFE6A3F0700950291EA24F0614FB6ACEDB12BF0E31D00000000010C0000950291EA24F0614FB6ACEDB12BF0E31D00002087AE710000;cmm4yupjv02oncuqwhzi14w7y;http://localhost:8787/api/admin/requirements/documents/cmm4yupjv02oncuqwhzi14w7y/view;"=HYPERLÄNK(""http://localhost:8787/api/admin/requirements/documents/cmm4yupjv02oncuqwhzi14w7y/view"";""Öppna PDF"")";"=HYPERLINK(""http://localhost:8787/api/admin/requirements/documents/cmm4yupjv02oncuqwhzi14w7y/view"",""Open PDF"")";cmm55w57p0004cuisfrtpqly8;cmm4xvu980000cuh4vj0usz09;;Kommun;;2026-02;Beslut;2026-02-04;2.pdf;Sv: till registrator;AUTO;;;AUTO_GENERERAD. Bekrafta metadata mot kallfil.
ADMIN-INDEX-2026-02-27-00000000125C043F57453246863FE664CAFE6A3F0700950291EA24F0614FB6ACEDB12BF0E31D00000000010C0000950291EA24F0614FB6ACEDB12BF0E31D00002087AE720000;cmm4yupjp02ohcuqwx5giwxd4;http://localhost:8787/api/admin/requirements/documents/cmm4yupjp02ohcuqwx5giwxd4/view;"=HYPERLÄNK(""http://localhost:8787/api/admin/requirements/documents/cmm4yupjp02ohcuqwx5giwxd4/view"";""Öppna PDF"")";"=HYPERLINK(""http://localhost:8787/api/admin/requirements/documents/cmm4yupjp02ohcuqwx5giwxd4/view"",""Open PDF"")";cmm55w57p0004cuisfrtpqly8;cmm4xvu980000cuh4vj0usz09;;Kommun;;2026-02;Beslut;2026-02-04;2.pdf;Sv: till registrator;AUTO;;;AUTO_GENERERAD. Bekrafta metadata mot kallfil.
ADMIN-INDEX-2026-02-27-00000000125C043F57453246863FE664CAFE6A3F0700950291EA24F0614FB6ACEDB12BF0E31D00000000010C0000950291EA24F0614FB6ACEDB12BF0E31D00002087AE730000;cmm4yupji02obcuqwtixc21ni;http://localhost:8787/api/admin/requirements/documents/cmm4yupji02obcuqwtixc21ni/view;"=HYPERLÄNK(""http://localhost:8787/api/admin/requirements/documents/cmm4yupji02obcuqwtixc21ni/view"";""Öppna PDF"")";"=HYPERLINK(""http://localhost:8787/api/admin/requirements/documents/cmm4yupji02obcuqwtixc21ni/view"",""Open PDF"")";cmm55w57p0004cuisfrtpqly8;cmm4xvu980000cuh4vj0usz09;;Kommun;;2026-02;Beslut;2026-02-04;4.pdf;Sv: till registrator;AUTO;;;AUTO_GENERERAD. Bekrafta metadata mot kallfil.
ADMIN-INDEX-2026-02-27-00000000125C043F57453246863FE664CAFE6A3F0700950291EA24F0614FB6ACEDB12BF0E31D00000000010C0000950291EA24F0614FB6ACEDB12BF0E31D00002087AE740000;cmm4yupjc02o5cuqw79mcn0cr;http://localhost:8787/api/admin/requirements/documents/cmm4yupjc02o5cuqw79mcn0cr/view;"=HYPERLÄNK(""http://localhost:8787/api/admin/requirements/documents/cmm4yupjc02o5cuqw79mcn0cr/view"";""Öppna PDF"")";"=HYPERLINK(""http://localhost:8787/api/admin/requirements/documents/cmm4yupjc02o5cuqw79mcn0cr/view"",""Open PDF"")";cmm55w57p0004cuisfrtpqly8;cmm4xvu980000cuh4vj0usz09;;Kommun;;2026-02;Beslut;2026-02-04;4.pdf;Sv: till registrator;AUTO;;;AUTO_GENERERAD. Bekrafta metadata mot kallfil.
ADMIN-INDEX-2026-02-27-00000000125C043F57453246863FE664CAFE6A3F0700950291EA24F0614FB6ACEDB12BF0E31D00000000010C0000950291EA24F0614FB6ACEDB12BF0E31D00002087AE750000;cmm4yupj602nzcuqwz84u4s1y;http://localhost:8787/api/admin/requirements/documents/cmm4yupj602nzcuqwz84u4s1y/view;"=HYPERLÄNK(""http://localhost:8787/api/admin/requirements/documents/cmm4yupj602nzcuqwz84u4s1y/view"";""Öppna PDF"")";"=HYPERLINK(""http://localhost:8787/api/admin/requirements/documents/cmm4yupj602nzcuqwz84u4s1y/view"",""Open PDF"")";cmm55w57p0004cuisfrtpqly8;cmm4xvu980000cuh4vj0usz09;Fyll i om sökanden är Tierps;Kommun;Fyll i om sökanden är Tierps kommun;0293-21;Anmalan;2026-02-04;TK 2025-1240 Anmälan om miljöfarlig verksamhet.pdf;Utlämnande av allmän handling;AUTO;;;AUTO_GENERERAD. Bekrafta metadata mot kallfil.
ADMIN-INDEX-2026-02-27-00000000125C043F57453246863FE664CAFE6A3F0700950291EA24F0614FB6ACEDB12BF0E31D00000000010C0000950291EA24F0614FB6ACEDB12BF0E31D00002087AE760000;cmm4yupip02nkcuqwvl8gkfaz;http://localhost:8787/api/admin/requirements/documents/cmm4yupip02nkcuqwvl8gkfaz/view;"=HYPERLÄNK(""http://localhost:8787/api/admin/requirements/documents/cmm4yupip02nkcuqwvl8gkfaz/view"";""Öppna PDF"")";"=HYPERLINK(""http://localhost:8787/api/admin/requirements/documents/cmm4yupip02nkcuqwvl8gkfaz/view"",""Open PDF"")";cmm55w57p0004cuisfrtpqly8;cmm4xvu980000cuh4vj0usz09;Fyll i om sökanden är Tierps;Kommun;Fyll i om sökanden är Tierps kommun;0293-21;Anmalan;2026-02-04;TK 2025-1240 Anmälan om miljöfarlig verksamhet.pdf;Utlämnande av allmän handling;AUTO;;;AUTO_GENERERAD. Bekrafta metadata mot kallfil.
ADMIN-INDEX-2026-02-27-00000000125C043F57453246863FE664CAFE6A3F0700950291EA24F0614FB6ACEDB12BF0E31D00000000010C0000950291EA24F0614FB6ACEDB12BF0E31D00002087AE790000;cmm4yuphs02mtcuqwxbrtxsxi;http://localhost:8787/api/admin/requirements/documents/cmm4yuphs02mtcuqwxbrtxsxi/view;"=HYPERLÄNK(""http://localhost:8787/api/admin/requirements/documents/cmm4yuphs02mtcuqwxbrtxsxi/view"";""Öppna PDF"")";"=HYPERLINK(""http://localhost:8787/api/admin/requirements/documents/cmm4yuphs02mtcuqwxbrtxsxi/view"",""Open PDF"")";cmm55w57p0004cuisfrtpqly8;cmm4xvu980000cuh4vj0usz09;Vreta Kloster Postadress Lessebo;Kommun;Vreta Kloster Postadress Lessebo kommun;2025-05;Beslut;2026-02-04;MN-2025-119_Delegationsbeslut_2025-05-07.pdf;Sv: till registrator;AUTO;;;AUTO_GENERERAD. Bekrafta metadata mot kallfil.
ADMIN-INDEX-2026-02-27-00000000125C043F57453246863FE664CAFE6A3F0700950291EA24F0614FB6ACEDB12BF0E31D00000000010C0000950291EA24F0614FB6ACEDB12BF0E31D00002087AE7A0000;cmm4yupgm02lkcuqwtilqg9xf;http://localhost:8787/api/admin/requirements/documents/cmm4yupgm02lkcuqwtilqg9xf/view;"=HYPERLÄNK(""http://localhost:8787/api/admin/requirements/documents/cmm4yupgm02lkcuqwtilqg9xf/view"";""Öppna PDF"")";"=HYPERLINK(""http://localhost:8787/api/admin/requirements/documents/cmm4yupgm02lkcuqwtilqg9xf/view"",""Open PDF"")";cmm55w57p0004cuisfrtpqly8;cmm4xvu980000cuh4vj0usz09;Vreta Kloster Postadress Lessebo;Kommun;Vreta Kloster Postadress Lessebo kommun;2025-05;Beslut;2026-02-04;MN-2025-119_Delegationsbeslut_2025-05-07.pdf;Sv: till registrator;AUTO;;;AUTO_GENERERAD. Bekrafta metadata mot kallfil.
ADMIN-INDEX-2026-02-27-00000000125C043F57453246863FE664CAFE6A3F0700950291EA24F0614FB6ACEDB12BF0E31D00000000010C0000950291EA24F0614FB6ACEDB12BF0E31D00002087AE8B0000;cmm4yupfm02khcuqwabq732ou;http://localhost:8787/api/admin/requirements/documents/cmm4yupfm02khcuqwabq732ou/view;"=HYPERLÄNK(""http://localhost:8787/api/admin/requirements/documents/cmm4yupfm02khcuqwabq732ou/view"";""Öppna PDF"")";"=HYPERLINK(""http://localhost:8787/api/admin/requirements/documents/cmm4yupfm02khcuqwabq732ou/view"",""Open PDF"")";cmm55w57p0004cuisfrtpqly8;cmm4xvu980000cuh4vj0usz09;;Kommun;;0371-81000;Beslut;2026-02-03;MMIL.2025.618_Sjögårdens entreprenad.pdf;SV: till registrator [2026KC4801];AUTO;;;AUTO_GENERERAD. Bekrafta metadata mot kallfil.
ADMIN-INDEX-2026-02-27-00000000125C043F57453246863FE664CAFE6A3F0700950291EA24F0614FB6ACEDB12BF0E31D00000000010C0000950291EA24F0614FB6ACEDB12BF0E31D00002087AE8C0000;cmm4yupfe02k8cuqw8vllvz05;http://localhost:8787/api/admin/requirements/documents/cmm4yupfe02k8cuqw8vllvz05/view;"=HYPERLÄNK(""http://localhost:8787/api/admin/requirements/documents/cmm4yupfe02k8cuqw8vllvz05/view"";""Öppna PDF"")";"=HYPERLINK(""http://localhost:8787/api/admin/requirements/documents/cmm4yupfe02k8cuqw8vllvz05/view"",""Open PDF"")";cmm55w57p0004cuisfrtpqly8;cmm4xvu980000cuh4vj0usz09;;Kommun;;0371-81000;Beslut;2026-02-03;MMIL.2025.618_Sjögårdens entreprenad.pdf;SV: till registrator [2026KC4801];AUTO;;;AUTO_GENERERAD. Bekrafta metadata mot kallfil.
ADMIN-INDEX-2026-02-27-00000000125C043F57453246863FE664CAFE6A3F0700950291EA24F0614FB6ACEDB12BF0E31D00000000010C0000950291EA24F0614FB6ACEDB12BF0E31D00002087AE8D0000;cmm4yupf702jzcuqwdksoalck;http://localhost:8787/api/admin/requirements/documents/cmm4yupf702jzcuqwdksoalck/view;"=HYPERLÄNK(""http://localhost:8787/api/admin/requirements/documents/cmm4yupf702jzcuqwdksoalck/view"";""Öppna PDF"")";"=HYPERLINK(""http://localhost:8787/api/admin/requirements/documents/cmm4yupf702jzcuqwdksoalck/view"",""Open PDF"")";cmm55w57p0004cuisfrtpqly8;cmm4xvu980000cuh4vj0usz09;Samhällsbyggnadsnämnden i Söderköpings;Kommun;Samhällsbyggnadsnämnden i Söderköpings kommun;2025-12;Beslut;2026-02-03;SBF-2024-1814_2025-12-10_Beslut Miljöfarlig verksamhet.pdf;SV: till registrator;AUTO;;;AUTO_GENERERAD. Bekrafta metadata mot kallfil.
ADMIN-INDEX-2026-02-27-00000000125C043F57453246863FE664CAFE6A3F0700950291EA24F0614FB6ACEDB12BF0E31D00000000010C0000950291EA24F0614FB6ACEDB12BF0E31D00002087AE8E0000;cmm4yupea02izcuqwdrmdlxqb;http://localhost:8787/api/admin/requirements/documents/cmm4yupea02izcuqwdrmdlxqb/view;"=HYPERLÄNK(""http://localhost:8787/api/admin/requirements/documents/cmm4yupea02izcuqwdrmdlxqb/view"";""Öppna PDF"")";"=HYPERLINK(""http://localhost:8787/api/admin/requirements/documents/cmm4yupea02izcuqwdrmdlxqb/view"",""Open PDF"")";cmm55w57p0004cuisfrtpqly8;cmm4xvu980000cuh4vj0usz09;Samhällsbyggnadsnämnden i Söderköpings;Kommun;Samhällsbyggnadsnämnden i Söderköpings kommun;2025-12;Beslut;2026-02-03;SBF-2024-1814_2025-12-10_Beslut Miljöfarlig verksamhet.pdf;SV: till registrator;AUTO;;;AUTO_GENERERAD. Bekrafta metadata mot kallfil.
ADMIN-INDEX-2026-02-27-00000000125C043F57453246863FE664CAFE6A3F0700950291EA24F0614FB6ACEDB12BF0E31D00000000010C0000950291EA24F0614FB6ACEDB12BF0E31D00002087AE910000;cmm4yupcb02gzcuqwshitaoru;http://localhost:8787/api/admin/requirements/documents/cmm4yupcb02gzcuqwshitaoru/view;"=HYPERLÄNK(""http://localhost:8787/api/admin/requirements/documents/cmm4yupcb02gzcuqwshitaoru/view"";""Öppna PDF"")";"=HYPERLINK(""http://localhost:8787/api/admin/requirements/documents/cmm4yupcb02gzcuqwshitaoru/view"",""Open PDF"")";cmm55w57p0004cuisfrtpqly8;cmm4xvu980000cuh4vj0usz09;Arvika;Kommun;Arvika kommun;2025-04;Beslut;2026-02-03;Mejl från Carl Zide.pdf;Ärende gällande användning av avfall för anläggningsändamål, Arvika kommun;AUTO;;;AUTO_GENERERAD. Bekrafta metadata mot kallfil.
ADMIN-INDEX-2026-02-27-00000000125C043F57453246863FE664CAFE6A3F0700950291EA24F0614FB6ACEDB12BF0E31D00000000010C0000950291EA24F0614FB6ACEDB12BF0E31D00002087AE920000;cmm4yupc002gncuqwakbngv3p;http://localhost:8787/api/admin/requirements/documents/cmm4yupc002gncuqwakbngv3p/view;"=HYPERLÄNK(""http://localhost:8787/api/admin/requirements/documents/cmm4yupc002gncuqwakbngv3p/view"";""Öppna PDF"")";"=HYPERLINK(""http://localhost:8787/api/admin/requirements/documents/cmm4yupc002gncuqwakbngv3p/view"",""Open PDF"")";cmm55w57p0004cuisfrtpqly8;cmm4xvu980000cuh4vj0usz09;Arvika;Kommun;Arvika kommun;2025-04;Beslut;2026-02-03;Mejl från Carl Zide.pdf;Ärende gällande användning av avfall för anläggningsändamål, Arvika kommun;AUTO;;;AUTO_GENERERAD. Bekrafta metadata mot kallfil.
ADMIN-INDEX-2026-02-27-00000000125C043F57453246863FE664CAFE6A3F0700950291EA24F0614FB6ACEDB12BF0E31D00000000010C0000950291EA24F0614FB6ACEDB12BF0E31D00002087AE930000;cmm4yupbv02ghcuqwpw1dt4la;http://localhost:8787/api/admin/requirements/documents/cmm4yupbv02ghcuqwpw1dt4la/view;"=HYPERLÄNK(""http://localhost:8787/api/admin/requirements/documents/cmm4yupbv02ghcuqwpw1dt4la/view"";""Öppna PDF"")";"=HYPERLINK(""http://localhost:8787/api/admin/requirements/documents/cmm4yupbv02ghcuqwpw1dt4la/view"",""Open PDF"")";cmm55w57p0004cuisfrtpqly8;cmm4xvu980000cuh4vj0usz09;;Kommun;;2025-06;Forelaggande;2026-02-03;M_föreläggande om åtgärd (1).pdf;till registrator;AUTO;;;AUTO_GENERERAD. Bekrafta metadata mot kallfil.
ADMIN-INDEX-2026-02-27-00000000125C043F57453246863FE664CAFE6A3F0700950291EA24F0614FB6ACEDB12BF0E31D00000000010C0000950291EA24F0614FB6ACEDB12BF0E31D00002087AE940000;cmm4yupas02fecuqwvht0309b;http://localhost:8787/api/admin/requirements/documents/cmm4yupas02fecuqwvht0309b/view;"=HYPERLÄNK(""http://localhost:8787/api/admin/requirements/documents/cmm4yupas02fecuqwvht0309b/view"";""Öppna PDF"")";"=HYPERLINK(""http://localhost:8787/api/admin/requirements/documents/cmm4yupas02fecuqwvht0309b/view"",""Open PDF"")";cmm55w57p0004cuisfrtpqly8;cmm4xvu980000cuh4vj0usz09;;Kommun;;2025-06;Forelaggande;2026-02-03;M_föreläggande om åtgärd (1).pdf;till registrator;AUTO;;;AUTO_GENERERAD. Bekrafta metadata mot kallfil.
ADMIN-INDEX-2026-02-27-00000000125C043F57453246863FE664CAFE6A3F0700950291EA24F0614FB6ACEDB12BF0E31D00000000010C0000950291EA24F0614FB6ACEDB12BF0E31D00002087AE970000;cmm4yup9e02dzcuqwruoclys2;http://localhost:8787/api/admin/requirements/documents/cmm4yup9e02dzcuqwruoclys2/view;"=HYPERLÄNK(""http://localhost:8787/api/admin/requirements/documents/cmm4yup9e02dzcuqwruoclys2/view"";""Öppna PDF"")";"=HYPERLINK(""http://localhost:8787/api/admin/requirements/documents/cmm4yup9e02dzcuqwruoclys2/view"",""Open PDF"")";cmm55w57p0004cuisfrtpqly8;cmm4xvu980000cuh4vj0usz09;Herrljunga;Kommun;Herrljunga kommun;2025-09;Beslut;2026-02-03;M-2025-408_1_Re_anm.pdf;VB: till registrator;AUTO;;;AUTO_GENERERAD. Bekrafta metadata mot kallfil.
ADMIN-INDEX-2026-02-27-00000000125C043F57453246863FE664CAFE6A3F0700950291EA24F0614FB6ACEDB12BF0E31D00000000010C0000950291EA24F0614FB6ACEDB12BF0E31D00002087AE980000;cmm4yup8u02dhcuqwwwmhavgp;http://localhost:8787/api/admin/requirements/documents/cmm4yup8u02dhcuqwwwmhavgp/view;"=HYPERLÄNK(""http://localhost:8787/api/admin/requirements/documents/cmm4yup8u02dhcuqwwwmhavgp/view"";""Öppna PDF"")";"=HYPERLINK(""http://localhost:8787/api/admin/requirements/documents/cmm4yup8u02dhcuqwwwmhavgp/view"",""Open PDF"")";cmm55w57p0004cuisfrtpqly8;cmm4xvu980000cuh4vj0usz09;Herrljunga;Kommun;Herrljunga kommun;2025-09;Beslut;2026-02-03;M-2025-408_1_Re_anm.pdf;VB: till registrator;AUTO;;;AUTO_GENERERAD. Bekrafta metadata mot kallfil.
ADMIN-INDEX-2026-02-27-00000000125C043F57453246863FE664CAFE6A3F0700950291EA24F0614FB6ACEDB12BF0E31D00000000010C0000950291EA24F0614FB6ACEDB12BF0E31D00002087AE990000;cmm4yup8m02d8cuqw8v4usph0;http://localhost:8787/api/admin/requirements/documents/cmm4yup8m02d8cuqw8v4usph0/view;"=HYPERLÄNK(""http://localhost:8787/api/admin/requirements/documents/cmm4yup8m02d8cuqw8v4usph0/view"";""Öppna PDF"")";"=HYPERLINK(""http://localhost:8787/api/admin/requirements/documents/cmm4yup8m02d8cuqw8v4usph0/view"",""Open PDF"")";cmm55w57p0004cuisfrtpqly8;cmm4xvu980000cuh4vj0usz09;org nr Söderköpings;Kommun;org nr Söderköpings kommun;2024-03;Beslut;2026-02-03;SBF-2024-273_2024-03-25_Beslut Miljöfarlig verksamhet.pdf;SV: till registrator;AUTO;;;AUTO_GENERERAD. Bekrafta metadata mot kallfil.
ADMIN-INDEX-2026-02-27-00000000125C043F57453246863FE664CAFE6A3F0700950291EA24F0614FB6ACEDB12BF0E31D00000000010C0000950291EA24F0614FB6ACEDB12BF0E31D00002087AE9A0000;cmm4yup7h02c2cuqwyq79ps8k;http://localhost:8787/api/admin/requirements/documents/cmm4yup7h02c2cuqwyq79ps8k/view;"=HYPERLÄNK(""http://localhost:8787/api/admin/requirements/documents/cmm4yup7h02c2cuqwyq79ps8k/view"";""Öppna PDF"")";"=HYPERLINK(""http://localhost:8787/api/admin/requirements/documents/cmm4yup7h02c2cuqwyq79ps8k/view"",""Open PDF"")";cmm55w57p0004cuisfrtpqly8;cmm4xvu980000cuh4vj0usz09;org nr Söderköpings;Kommun;org nr Söderköpings kommun;2024-03;Beslut;2026-02-03;SBF-2024-273_2024-03-25_Beslut Miljöfarlig verksamhet.pdf;SV: till registrator;AUTO;;;AUTO_GENERERAD. Bekrafta metadata mot kallfil.
ADMIN-INDEX-2026-02-27-00000000125C043F57453246863FE664CAFE6A3F0700950291EA24F0614FB6ACEDB12BF0E31D00000000010C0000950291EA24F0614FB6ACEDB12BF0E31D00002087AE9D0000;cmm4yup6002ahcuqwiwhrtr3f;http://localhost:8787/api/admin/requirements/documents/cmm4yup6002ahcuqwiwhrtr3f/view;"=HYPERLÄNK(""http://localhost:8787/api/admin/requirements/documents/cmm4yup6002ahcuqwiwhrtr3f/view"";""Öppna PDF"")";"=HYPERLINK(""http://localhost:8787/api/admin/requirements/documents/cmm4yup6002ahcuqwiwhrtr3f/view"",""Open PDF"")";cmm55w57p0004cuisfrtpqly8;cmm4xvu980000cuh4vj0usz09;pdf Hedemora;Kommun;pdf Hedemora kommun;0225-340;Beslut;2026-02-03;MB-2024-448-427-INFOR-Brev-2024-06-24-.pdf;SV: till registrator [2026HSC4325];AUTO;;;AUTO_GENERERAD. Bekrafta metadata mot kallfil.
ADMIN-INDEX-2026-02-27-00000000125C043F57453246863FE664CAFE6A3F0700950291EA24F0614FB6ACEDB12BF0E31D00000000010C0000950291EA24F0614FB6ACEDB12BF0E31D00002087AE9E0000;cmm4yup3u0288cuqw1esiotxe;http://localhost:8787/api/admin/requirements/documents/cmm4yup3u0288cuqw1esiotxe/view;"=HYPERLÄNK(""http://localhost:8787/api/admin/requirements/documents/cmm4yup3u0288cuqw1esiotxe/view"";""Öppna PDF"")";"=HYPERLINK(""http://localhost:8787/api/admin/requirements/documents/cmm4yup3u0288cuqw1esiotxe/view"",""Open PDF"")";cmm55w57p0004cuisfrtpqly8;cmm4xvu980000cuh4vj0usz09;pdf Hedemora;Kommun;pdf Hedemora kommun;0225-340;Beslut;2026-02-03;MB-2024-448-427-INFOR-Brev-2024-06-24-.pdf;SV: till registrator [2026HSC4325];AUTO;;;AUTO_GENERERAD. Bekrafta metadata mot kallfil.
ADMIN-INDEX-2026-02-27-00000000125C043F57453246863FE664CAFE6A3F0700950291EA24F0614FB6ACEDB12BF0E31D00000000010C0000950291EA24F0614FB6ACEDB12BF0E31D00002087AE9F0000;cmm4yup18025hcuqw7tz859cf;http://localhost:8787/api/admin/requirements/documents/cmm4yup18025hcuqw7tz859cf/view;"=HYPERLÄNK(""http://localhost:8787/api/admin/requirements/documents/cmm4yup18025hcuqw7tz859cf/view"";""Öppna PDF"")";"=HYPERLINK(""http://localhost:8787/api/admin/requirements/documents/cmm4yup18025hcuqw7tz859cf/view"",""Open PDF"")";cmm55w57p0004cuisfrtpqly8;cmm4xvu980000cuh4vj0usz09;-- Miljökontoret Söderköpings;Kommun;-- Miljökontoret Söderköpings kommun;2024-01;Anmalan;2026-02-03;SBF-2024-170_2024-01-23_Anmälan_Bortredigerad.pdf;SV: till registrator;AUTO;;;AUTO_GENERERAD. Bekrafta metadata mot kallfil.
ADMIN-INDEX-2026-02-27-00000000125C043F57453246863FE664CAFE6A3F0700950291EA24F0614FB6ACEDB12BF0E31D00000000010C0000950291EA24F0614FB6ACEDB12BF0E31D00002087AEA00000;cmm4yuozq023zcuqwbms4qd54;http://localhost:8787/api/admin/requirements/documents/cmm4yuozq023zcuqwbms4qd54/view;"=HYPERLÄNK(""http://localhost:8787/api/admin/requirements/documents/cmm4yuozq023zcuqwbms4qd54/view"";""Öppna PDF"")";"=HYPERLINK(""http://localhost:8787/api/admin/requirements/documents/cmm4yuozq023zcuqwbms4qd54/view"",""Open PDF"")";cmm55w57p0004cuisfrtpqly8;cmm4xvu980000cuh4vj0usz09;Söderköping Miljökontoret Söderköpings;Kommun;Söderköping Miljökontoret Söderköpings kommun;0121-181;Anmalan;2026-02-03;SBF-2024-170_2024-01-23_Anmälan_Bortredigerad.pdf;SV: till registrator;AUTO;;;AUTO_GENERERAD. Bekrafta metadata mot kallfil.
ADMIN-INDEX-2026-02-27-00000000125C043F57453246863FE664CAFE6A3F0700950291EA24F0614FB6ACEDB12BF0E31D00000000010C0000950291EA24F0614FB6ACEDB12BF0E31D00002087AEA50000;cmm4yuoza023hcuqwb3u72dej;http://localhost:8787/api/admin/requirements/documents/cmm4yuoza023hcuqwb3u72dej/view;"=HYPERLÄNK(""http://localhost:8787/api/admin/requirements/documents/cmm4yuoza023hcuqwb3u72dej/view"";""Öppna PDF"")";"=HYPERLINK(""http://localhost:8787/api/admin/requirements/documents/cmm4yuoza023hcuqwb3u72dej/view"",""Open PDF"")";cmm55w57p0004cuisfrtpqly8;cmm4xvu980000cuh4vj0usz09;Sjöbo;Kommun;Sjöbo kommun;2026-02;Beslut;2026-02-03;MILSK202515_2026-02-03.pdf;Sv: till registrator;AUTO;;;AUTO_GENERERAD. Bekrafta metadata mot kallfil.
ADMIN-INDEX-2026-02-27-00000000125C043F57453246863FE664CAFE6A3F0700950291EA24F0614FB6ACEDB12BF0E31D00000000010C0000950291EA24F0614FB6ACEDB12BF0E31D00002087AEA60000;cmm4yuoyx0232cuqwbrf7i0qf;http://localhost:8787/api/admin/requirements/documents/cmm4yuoyx0232cuqwbrf7i0qf/view;"=HYPERLÄNK(""http://localhost:8787/api/admin/requirements/documents/cmm4yuoyx0232cuqwbrf7i0qf/view"";""Öppna PDF"")";"=HYPERLINK(""http://localhost:8787/api/admin/requirements/documents/cmm4yuoyx0232cuqwbrf7i0qf/view"",""Open PDF"")";cmm55w57p0004cuisfrtpqly8;cmm4xvu980000cuh4vj0usz09;Sjöbo;Kommun;Sjöbo kommun;2026-02;Beslut;2026-02-03;MILSK202515_2026-02-03.pdf;Sv: till registrator;AUTO;;;AUTO_GENERERAD. Bekrafta metadata mot kallfil.
ADMIN-INDEX-2026-02-27-00000000125C043F57453246863FE664CAFE6A3F0700950291EA24F0614FB6ACEDB12BF0E31D00000000010C0000950291EA24F0614FB6ACEDB12BF0E31D00002087AEB10000;cmm4yuoyg022ncuqwyg9r5cay;http://localhost:8787/api/admin/requirements/documents/cmm4yuoyg022ncuqwyg9r5cay/view;"=HYPERLÄNK(""http://localhost:8787/api/admin/requirements/documents/cmm4yuoyg022ncuqwyg9r5cay/view"";""Öppna PDF"")";"=HYPERLINK(""http://localhost:8787/api/admin/requirements/documents/cmm4yuoyg022ncuqwyg9r5cay/view"",""Open PDF"")";cmm55w57p0004cuisfrtpqly8;cmm4xvu980000cuh4vj0usz09;Postadress Enköpings;Kommun;Postadress Enköpings kommun;2026-02;Beslut;2026-02-03;MIL20252277pdf_976576.pdf;Begäran om allmän handling i ärende  MIL.2026.363;AUTO;;;AUTO_GENERERAD. Bekrafta metadata mot kallfil.
ADMIN-INDEX-2026-02-27-00000000125C043F57453246863FE664CAFE6A3F0700950291EA24F0614FB6ACEDB12BF0E31D00000000010C0000950291EA24F0614FB6ACEDB12BF0E31D00002087AEB20000;cmm4yuoyb022hcuqwjk4jods4;http://localhost:8787/api/admin/requirements/documents/cmm4yuoyb022hcuqwjk4jods4/view;"=HYPERLÄNK(""http://localhost:8787/api/admin/requirements/documents/cmm4yuoyb022hcuqwjk4jods4/view"";""Öppna PDF"")";"=HYPERLINK(""http://localhost:8787/api/admin/requirements/documents/cmm4yuoyb022hcuqwjk4jods4/view"",""Open PDF"")";cmm55w57p0004cuisfrtpqly8;cmm4xvu980000cuh4vj0usz09;Postadress Enköpings;Kommun;Postadress Enköpings kommun;2026-02;Beslut;2026-02-03;MIL20252277pdf_976576.pdf;Begäran om allmän handling i ärende  MIL.2026.363;AUTO;;;AUTO_GENERERAD. Bekrafta metadata mot kallfil.
ADMIN-INDEX-2026-02-27-00000000125C043F57453246863FE664CAFE6A3F0700950291EA24F0614FB6ACEDB12BF0E31D00000000010C0000950291EA24F0614FB6ACEDB12BF0E31D00002087AEB30000;cmm4yuoy5022bcuqw0e9yl7q6;http://localhost:8787/api/admin/requirements/documents/cmm4yuoy5022bcuqw0e9yl7q6/view;"=HYPERLÄNK(""http://localhost:8787/api/admin/requirements/documents/cmm4yuoy5022bcuqw0e9yl7q6/view"";""Öppna PDF"")";"=HYPERLINK(""http://localhost:8787/api/admin/requirements/documents/cmm4yuoy5022bcuqw0e9yl7q6/view"",""Open PDF"")";cmm55w57p0004cuisfrtpqly8;cmm4xvu980000cuh4vj0usz09;Besöksadress Telefon E-post Webb Tranås;Kommun;Besöksadress Telefon E-post Webb Tranås kommun;2025-02;Forelaggande;2026-02-03;M-2024-659-Föreläggande enligt miljöbalken(1).pdf;handlingar;AUTO;;;AUTO_GENERERAD. Bekrafta metadata mot kallfil.
ADMIN-INDEX-2026-02-27-00000000125C043F57453246863FE664CAFE6A3F0700950291EA24F0614FB6ACEDB12BF0E31D00000000010C0000950291EA24F0614FB6ACEDB12BF0E31D00002087AEB40000;cmm4yuowx0212cuqwgyrim3ri;http://localhost:8787/api/admin/requirements/documents/cmm4yuowx0212cuqwgyrim3ri/view;"=HYPERLÄNK(""http://localhost:8787/api/admin/requirements/documents/cmm4yuowx0212cuqwgyrim3ri/view"";""Öppna PDF"")";"=HYPERLINK(""http://localhost:8787/api/admin/requirements/documents/cmm4yuowx0212cuqwgyrim3ri/view"",""Open PDF"")";cmm55w57p0004cuisfrtpqly8;cmm4xvu980000cuh4vj0usz09;Besöksadress Telefon E-post Webb Tranås;Kommun;Besöksadress Telefon E-post Webb Tranås kommun;2025-02;Forelaggande;2026-02-03;M-2024-659-Föreläggande enligt miljöbalken(1).pdf;handlingar;AUTO;;;AUTO_GENERERAD. Bekrafta metadata mot kallfil.
ADMIN-INDEX-2026-02-27-00000000125C043F57453246863FE664CAFE6A3F0700950291EA24F0614FB6ACEDB12BF0E31D00000000010C0000950291EA24F0614FB6ACEDB12BF0E31D00002087AEB50000;cmm4yuovo01ztcuqwjisy9tt7;http://localhost:8787/api/admin/requirements/documents/cmm4yuovo01ztcuqwjisy9tt7/view;"=HYPERLÄNK(""http://localhost:8787/api/admin/requirements/documents/cmm4yuovo01ztcuqwjisy9tt7/view"";""Öppna PDF"")";"=HYPERLINK(""http://localhost:8787/api/admin/requirements/documents/cmm4yuovo01ztcuqwjisy9tt7/view"",""Open PDF"")";cmm55w57p0004cuisfrtpqly8;cmm4xvu980000cuh4vj0usz09;;Kommun;;2026-60;Beslut;2026-02-03;Beslut 2026-60 - Försiktighetsmått miljöfarlig verksamhet.pdf;SV: till registrator *20260202:475*;AUTO;;;AUTO_GENERERAD. Bekrafta metadata mot kallfil.
ADMIN-INDEX-2026-02-27-00000000125C043F57453246863FE664CAFE6A3F0700950291EA24F0614FB6ACEDB12BF0E31D00000000010C0000950291EA24F0614FB6ACEDB12BF0E31D00002087AEB60000;cmm4yuovl01zqcuqwz5yg68oc;http://localhost:8787/api/admin/requirements/documents/cmm4yuovl01zqcuqwz5yg68oc/view;"=HYPERLÄNK(""http://localhost:8787/api/admin/requirements/documents/cmm4yuovl01zqcuqwz5yg68oc/view"";""Öppna PDF"")";"=HYPERLINK(""http://localhost:8787/api/admin/requirements/documents/cmm4yuovl01zqcuqwz5yg68oc/view"",""Open PDF"")";cmm55w57p0004cuisfrtpqly8;cmm4xvu980000cuh4vj0usz09;;Kommun;;2026-60;Beslut;2026-02-03;Beslut 2026-60 - Försiktighetsmått miljöfarlig verksamhet.pdf;SV: till registrator *20260202:475*;AUTO;;;AUTO_GENERERAD. Bekrafta metadata mot kallfil.
ADMIN-INDEX-2026-02-27-00000000125C043F57453246863FE664CAFE6A3F0700950291EA24F0614FB6ACEDB12BF0E31D00000000010C0000950291EA24F0614FB6ACEDB12BF0E31D00002087AEB70000;cmm4yuovi01zncuqwwqye503j;http://localhost:8787/api/admin/requirements/documents/cmm4yuovi01zncuqwwqye503j/view;"=HYPERLÄNK(""http://localhost:8787/api/admin/requirements/documents/cmm4yuovi01zncuqwwqye503j/view"";""Öppna PDF"")";"=HYPERLINK(""http://localhost:8787/api/admin/requirements/documents/cmm4yuovi01zncuqwwqye503j/view"",""Open PDF"")";cmm55w57p0004cuisfrtpqly8;cmm4xvu980000cuh4vj0usz09;ndamål Postadress Besöksadress Strängnäs;Kommun;ndamål Postadress Besöksadress Strängnäs kommun;2026-02;Beslut;2026-02-03;MIL20251443_2026-02-03.pdf;VB: [2026KC5853]SBK / Admin SBK / Vidarebefordra/fördela ärende;AUTO;;;AUTO_GENERERAD. Bekrafta metadata mot kallfil.
ADMIN-INDEX-2026-02-27-00000000125C043F57453246863FE664CAFE6A3F0700950291EA24F0614FB6ACEDB12BF0E31D00000000010C0000950291EA24F0614FB6ACEDB12BF0E31D00002087AEB80000;cmm4yuov901zecuqww78ts20e;http://localhost:8787/api/admin/requirements/documents/cmm4yuov901zecuqww78ts20e/view;"=HYPERLÄNK(""http://localhost:8787/api/admin/requirements/documents/cmm4yuov901zecuqww78ts20e/view"";""Öppna PDF"")";"=HYPERLINK(""http://localhost:8787/api/admin/requirements/documents/cmm4yuov901zecuqww78ts20e/view"",""Open PDF"")";cmm55w57p0004cuisfrtpqly8;cmm4xvu980000cuh4vj0usz09;ndamål Postadress Besöksadress Strängnäs;Kommun;ndamål Postadress Besöksadress Strängnäs kommun;2026-02;Beslut;2026-02-03;MIL20251443_2026-02-03.pdf;VB: [2026KC5853]SBK / Admin SBK / Vidarebefordra/fördela ärende;AUTO;;;AUTO_GENERERAD. Bekrafta metadata mot kallfil.
ADMIN-INDEX-2026-02-27-00000000125C043F57453246863FE664CAFE6A3F0700950291EA24F0614FB6ACEDB12BF0E31D00000000010C0000950291EA24F0614FB6ACEDB12BF0E31D00002087AEBB0000;cmm4yuov001z5cuqwzv54vbz4;http://localhost:8787/api/admin/requirements/documents/cmm4yuov001z5cuqwzv54vbz4/view;"=HYPERLÄNK(""http://localhost:8787/api/admin/requirements/documents/cmm4yuov001z5cuqwzv54vbz4/view"";""Öppna PDF"")";"=HYPERLINK(""http://localhost:8787/api/admin/requirements/documents/cmm4yuov001z5cuqwzv54vbz4/view"",""Open PDF"")";cmm55w57p0004cuisfrtpqly8;cmm4xvu980000cuh4vj0usz09;;Kommun;;2026-02;Beslut;2026-02-03;MIL2024357pdf_976573.pdf;Begäran om allmän handling i ärende  MIL.2026.363;AUTO;;;AUTO_GENERERAD. Bekrafta metadata mot kallfil.
ADMIN-INDEX-2026-02-27-00000000125C043F57453246863FE664CAFE6A3F0700950291EA24F0614FB6ACEDB12BF0E31D00000000010C0000950291EA24F0614FB6ACEDB12BF0E31D00002087AEBC0000;cmm4yuouk01yncuqwqg6ujm2o;http://localhost:8787/api/admin/requirements/documents/cmm4yuouk01yncuqwqg6ujm2o/view;"=HYPERLÄNK(""http://localhost:8787/api/admin/requirements/documents/cmm4yuouk01yncuqwqg6ujm2o/view"";""Öppna PDF"")";"=HYPERLINK(""http://localhost:8787/api/admin/requirements/documents/cmm4yuouk01yncuqwqg6ujm2o/view"",""Open PDF"")";cmm55w57p0004cuisfrtpqly8;cmm4xvu980000cuh4vj0usz09;;Kommun;;2026-02;Beslut;2026-02-03;MIL2024357pdf_976573.pdf;Begäran om allmän handling i ärende  MIL.2026.363;AUTO;;;AUTO_GENERERAD. Bekrafta metadata mot kallfil.
ADMIN-INDEX-2026-02-27-00000000125C043F57453246863FE664CAFE6A3F0700950291EA24F0614FB6ACEDB12BF0E31D00000000010C0000950291EA24F0614FB6ACEDB12BF0E31D00002087AEC50000;cmm4yuoty01xzcuqwfs0b9l35;http://localhost:8787/api/admin/requirements/documents/cmm4yuoty01xzcuqwfs0b9l35/view;"=HYPERLÄNK(""http://localhost:8787/api/admin/requirements/documents/cmm4yuoty01xzcuqwfs0b9l35/view"";""Öppna PDF"")";"=HYPERLINK(""http://localhost:8787/api/admin/requirements/documents/cmm4yuoty01xzcuqwfs0b9l35/view"",""Open PDF"")";cmm55w57p0004cuisfrtpqly8;cmm4xvu980000cuh4vj0usz09;Hässleholms;Kommun;Hässleholms kommun;2024-11;Beslut;2026-02-03;Kontrollrapport tillsyn nov 2024.pdf;Sv: till registrator;AUTO;;;AUTO_GENERERAD. Bekrafta metadata mot kallfil.
ADMIN-INDEX-2026-02-27-00000000125C043F57453246863FE664CAFE6A3F0700950291EA24F0614FB6ACEDB12BF0E31D00000000010C0000950291EA24F0614FB6ACEDB12BF0E31D00002087AEC60000;cmm4yuotb01xhcuqwswxsx8sy;http://localhost:8787/api/admin/requirements/documents/cmm4yuotb01xhcuqwswxsx8sy/view;"=HYPERLÄNK(""http://localhost:8787/api/admin/requirements/documents/cmm4yuotb01xhcuqwswxsx8sy/view"";""Öppna PDF"")";"=HYPERLINK(""http://localhost:8787/api/admin/requirements/documents/cmm4yuotb01xhcuqwswxsx8sy/view"",""Open PDF"")";cmm55w57p0004cuisfrtpqly8;cmm4xvu980000cuh4vj0usz09;Hässleholms;Kommun;Hässleholms kommun;2024-11;Beslut;2026-02-03;Kontrollrapport tillsyn nov 2024.pdf;Sv: till registrator;AUTO;;;AUTO_GENERERAD. Bekrafta metadata mot kallfil.
ADMIN-INDEX-2026-02-27-00000000125C043F57453246863FE664CAFE6A3F0700950291EA24F0614FB6ACEDB12BF0E31D00000000010C0000950291EA24F0614FB6ACEDB12BF0E31D00002087AECD0000;cmm4yuooy01t8cuqw3m1ag4wq;http://localhost:8787/api/admin/requirements/documents/cmm4yuooy01t8cuqw3m1ag4wq/view;"=HYPERLÄNK(""http://localhost:8787/api/admin/requirements/documents/cmm4yuooy01t8cuqw3m1ag4wq/view"";""Öppna PDF"")";"=HYPERLINK(""http://localhost:8787/api/admin/requirements/documents/cmm4yuooy01t8cuqw3m1ag4wq/view"",""Open PDF"")";cmm55w57p0004cuisfrtpqly8;cmm4xvu980000cuh4vj0usz09;pdf Karlstads;Kommun;pdf Karlstads kommun;2025-3584;Anmalan;2026-02-03;Anmälningsbeslut.pdf;VB:  Begäran om utlämnande av allmän handling – Anmälningar och beslut rörande mellanlagring av avfall samt anläggning av ytor;AUTO;;;AUTO_GENERERAD. Bekrafta metadata mot kallfil.
ADMIN-INDEX-2026-02-27-00000000125C043F57453246863FE664CAFE6A3F0700950291EA24F0614FB6ACEDB12BF0E31D00000000010C0000950291EA24F0614FB6ACEDB12BF0E31D00002087AECE0000;cmm4yuooq01szcuqwo9e3tjcp;http://localhost:8787/api/admin/requirements/documents/cmm4yuooq01szcuqwo9e3tjcp/view;"=HYPERLÄNK(""http://localhost:8787/api/admin/requirements/documents/cmm4yuooq01szcuqwo9e3tjcp/view"";""Öppna PDF"")";"=HYPERLINK(""http://localhost:8787/api/admin/requirements/documents/cmm4yuooq01szcuqwo9e3tjcp/view"",""Open PDF"")";cmm55w57p0004cuisfrtpqly8;cmm4xvu980000cuh4vj0usz09;pdf Karlstads;Kommun;pdf Karlstads kommun;2025-3584;Anmalan;2026-02-03;Anmälningsbeslut.pdf;VB:  Begäran om utlämnande av allmän handling – Anmälningar och beslut rörande mellanlagring av avfall samt anläggning av ytor;AUTO;;;AUTO_GENERERAD. Bekrafta metadata mot kallfil.
ADMIN-INDEX-2026-02-27-00000000125C043F57453246863FE664CAFE6A3F0700950291EA24F0614FB6ACEDB12BF0E31D00000000010C0000950291EA24F0614FB6ACEDB12BF0E31D00002087AECF0000;cmm4yuooh01sqcuqwljg8bolr;http://localhost:8787/api/admin/requirements/documents/cmm4yuooh01sqcuqwljg8bolr/view;"=HYPERLÄNK(""http://localhost:8787/api/admin/requirements/documents/cmm4yuooh01sqcuqwljg8bolr/view"";""Öppna PDF"")";"=HYPERLINK(""http://localhost:8787/api/admin/requirements/documents/cmm4yuooh01sqcuqwljg8bolr/view"",""Open PDF"")";cmm55w57p0004cuisfrtpqly8;cmm4xvu980000cuh4vj0usz09;Sundsvalls;Kommun;Sundsvalls kommun;2023-1834;Beslut;2026-02-03;Generellt beslut.pdf;VB: till registrator;AUTO;;;AUTO_GENERERAD. Bekrafta metadata mot kallfil.
ADMIN-INDEX-2026-02-27-00000000125C043F57453246863FE664CAFE6A3F0700950291EA24F0614FB6ACEDB12BF0E31D00000000010C0000950291EA24F0614FB6ACEDB12BF0E31D00002087AED00000;cmm4yuoo401secuqwmf5enxas;http://localhost:8787/api/admin/requirements/documents/cmm4yuoo401secuqwmf5enxas/view;"=HYPERLÄNK(""http://localhost:8787/api/admin/requirements/documents/cmm4yuoo401secuqwmf5enxas/view"";""Öppna PDF"")";"=HYPERLINK(""http://localhost:8787/api/admin/requirements/documents/cmm4yuoo401secuqwmf5enxas/view"",""Open PDF"")";cmm55w57p0004cuisfrtpqly8;cmm4xvu980000cuh4vj0usz09;Sundsvalls;Kommun;Sundsvalls kommun;2023-1834;Beslut;2026-02-03;Generellt beslut.pdf;VB: till registrator;AUTO;;;AUTO_GENERERAD. Bekrafta metadata mot kallfil.
ADMIN-INDEX-2026-02-27-00000000125C043F57453246863FE664CAFE6A3F0700950291EA24F0614FB6ACEDB12BF0E31D00000000010C0000950291EA24F0614FB6ACEDB12BF0E31D00002087AED10000;cmm4yuomw01r2cuqwaq7rvqlg;http://localhost:8787/api/admin/requirements/documents/cmm4yuomw01r2cuqwaq7rvqlg/view;"=HYPERLÄNK(""http://localhost:8787/api/admin/requirements/documents/cmm4yuomw01r2cuqwaq7rvqlg/view"";""Öppna PDF"")";"=HYPERLINK(""http://localhost:8787/api/admin/requirements/documents/cmm4yuomw01r2cuqwaq7rvqlg/view"",""Open PDF"")";cmm55w57p0004cuisfrtpqly8;cmm4xvu980000cuh4vj0usz09;;Kommun;;2026-02;Beslut;2026-02-03;MN-2023-10545-MN-2023-10545.pdf;UTL 2026-02-03 mejl 1 - Sv: VB: [EXTERN]: till registrator;AUTO;;;AUTO_GENERERAD. Bekrafta metadata mot kallfil.
ADMIN-INDEX-2026-02-27-00000000125C043F57453246863FE664CAFE6A3F0700950291EA24F0614FB6ACEDB12BF0E31D00000000010C0000950291EA24F0614FB6ACEDB12BF0E31D00002087AED20000;cmm4yuoki01okcuqws3skclf1;http://localhost:8787/api/admin/requirements/documents/cmm4yuoki01okcuqws3skclf1/view;"=HYPERLÄNK(""http://localhost:8787/api/admin/requirements/documents/cmm4yuoki01okcuqws3skclf1/view"";""Öppna PDF"")";"=HYPERLINK(""http://localhost:8787/api/admin/requirements/documents/cmm4yuoki01okcuqws3skclf1/view"",""Open PDF"")";cmm55w57p0004cuisfrtpqly8;cmm4xvu980000cuh4vj0usz09;;Kommun;;2026-02;Beslut;2026-02-03;MN-2023-10545-MN-2023-10545.pdf;UTL 2026-02-03 mejl 1 - Sv: VB: [EXTERN]: till registrator;AUTO;;;AUTO_GENERERAD. Bekrafta metadata mot kallfil.
ADMIN-INDEX-2026-02-27-00000000125C043F57453246863FE664CAFE6A3F0700950291EA24F0614FB6ACEDB12BF0E31D00000000010C0000950291EA24F0614FB6ACEDB12BF0E31D00002087AED30000;cmm4yuoiz01n5cuqwvliq6c2p;http://localhost:8787/api/admin/requirements/documents/cmm4yuoiz01n5cuqwvliq6c2p/view;"=HYPERLÄNK(""http://localhost:8787/api/admin/requirements/documents/cmm4yuoiz01n5cuqwvliq6c2p/view"";""Öppna PDF"")";"=HYPERLINK(""http://localhost:8787/api/admin/requirements/documents/cmm4yuoiz01n5cuqwvliq6c2p/view"",""Open PDF"")";cmm55w57p0004cuisfrtpqly8;cmm4xvu980000cuh4vj0usz09;;Kommun;;2024-11;Beslut;2026-02-03;2024-11-15 BOM-2024-846-- Beslut om försiktighetsåtgärder.pdf;Sv: till registrator;AUTO;;;AUTO_GENERERAD. Bekrafta metadata mot kallfil.
ADMIN-INDEX-2026-02-27-00000000125C043F57453246863FE664CAFE6A3F0700950291EA24F0614FB6ACEDB12BF0E31D00000000010C0000950291EA24F0614FB6ACEDB12BF0E31D00002087AED40000;cmm4yuoiu01mzcuqwgy1q4qtg;http://localhost:8787/api/admin/requirements/documents/cmm4yuoiu01mzcuqwgy1q4qtg/view;"=HYPERLÄNK(""http://localhost:8787/api/admin/requirements/documents/cmm4yuoiu01mzcuqwgy1q4qtg/view"";""Öppna PDF"")";"=HYPERLINK(""http://localhost:8787/api/admin/requirements/documents/cmm4yuoiu01mzcuqwgy1q4qtg/view"",""Open PDF"")";cmm55w57p0004cuisfrtpqly8;cmm4xvu980000cuh4vj0usz09;;Kommun;;2024-11;Beslut;2026-02-03;2024-11-15 BOM-2024-846-- Beslut om försiktighetsåtgärder.pdf;Sv: till registrator;AUTO;;;AUTO_GENERERAD. Bekrafta metadata mot kallfil.
ADMIN-INDEX-2026-02-27-00000000125C043F57453246863FE664CAFE6A3F0700950291EA24F0614FB6ACEDB12BF0E31D00000000010C0000950291EA24F0614FB6ACEDB12BF0E31D00002087AED50000;cmm4yuoil01mqcuqwng2j726b;http://localhost:8787/api/admin/requirements/documents/cmm4yuoil01mqcuqwng2j726b/view;"=HYPERLÄNK(""http://localhost:8787/api/admin/requirements/documents/cmm4yuoil01mqcuqwng2j726b/view"";""Öppna PDF"")";"=HYPERLINK(""http://localhost:8787/api/admin/requirements/documents/cmm4yuoil01mqcuqwng2j726b/view"",""Open PDF"")";cmm55w57p0004cuisfrtpqly8;cmm4xvu980000cuh4vj0usz09;;Kommun;;;Beslut;2026-02-03;Bilaga1placeringbetongkross_470350.pdf;VB: Återvinning av avfall i anläggningsändamål, MIL.2025.932;AUTO;;;AUTO_GENERERAD. Bekrafta metadata mot kallfil.
ADMIN-INDEX-2026-02-27-00000000125C043F57453246863FE664CAFE6A3F0700950291EA24F0614FB6ACEDB12BF0E31D00000000010C0000950291EA24F0614FB6ACEDB12BF0E31D00002087AED60000;cmm4yuoi501mbcuqwp6ixqw8o;http://localhost:8787/api/admin/requirements/documents/cmm4yuoi501mbcuqwp6ixqw8o/view;"=HYPERLÄNK(""http://localhost:8787/api/admin/requirements/documents/cmm4yuoi501mbcuqwp6ixqw8o/view"";""Öppna PDF"")";"=HYPERLINK(""http://localhost:8787/api/admin/requirements/documents/cmm4yuoi501mbcuqwp6ixqw8o/view"",""Open PDF"")";cmm55w57p0004cuisfrtpqly8;cmm4xvu980000cuh4vj0usz09;;Kommun;;;Beslut;2026-02-03;Bilaga1placeringbetongkross_470350.pdf;VB: Återvinning av avfall i anläggningsändamål, MIL.2025.932;AUTO;;;AUTO_GENERERAD. Bekrafta metadata mot kallfil.
ADMIN-INDEX-2026-02-27-00000000125C043F57453246863FE664CAFE6A3F0700950291EA24F0614FB6ACEDB12BF0E31D00000000010C0000950291EA24F0614FB6ACEDB12BF0E31D00002087AED70000;cmm4yuohd01lncuqw4dqbae5z;http://localhost:8787/api/admin/requirements/documents/cmm4yuohd01lncuqw4dqbae5z/view;"=HYPERLÄNK(""http://localhost:8787/api/admin/requirements/documents/cmm4yuohd01lncuqw4dqbae5z/view"";""Öppna PDF"")";"=HYPERLINK(""http://localhost:8787/api/admin/requirements/documents/cmm4yuohd01lncuqw4dqbae5z/view"",""Open PDF"")";cmm55w57p0004cuisfrtpqly8;cmm4xvu980000cuh4vj0usz09;Post Skara;Kommun;Post Skara kommun;2024-04;Beslut;2026-02-03;SKSBN-2024-254__2024-04-03_M - Beslut om försiktighetsmått.pdf;Efterfrågade handlingar;AUTO;;;AUTO_GENERERAD. Bekrafta metadata mot kallfil.
ADMIN-INDEX-2026-02-27-00000000125C043F57453246863FE664CAFE6A3F0700950291EA24F0614FB6ACEDB12BF0E31D00000000010C0000950291EA24F0614FB6ACEDB12BF0E31D00002087AED80000;cmm4yuog701ktcuqwpqy40zq6;http://localhost:8787/api/admin/requirements/documents/cmm4yuog701ktcuqwpqy40zq6/view;"=HYPERLÄNK(""http://localhost:8787/api/admin/requirements/documents/cmm4yuog701ktcuqwpqy40zq6/view"";""Öppna PDF"")";"=HYPERLINK(""http://localhost:8787/api/admin/requirements/documents/cmm4yuog701ktcuqwpqy40zq6/view"",""Open PDF"")";cmm55w57p0004cuisfrtpqly8;cmm4xvu980000cuh4vj0usz09;Post Skara;Kommun;Post Skara kommun;2024-04;Beslut;2026-02-03;SKSBN-2024-254__2024-04-03_M - Beslut om försiktighetsmått.pdf;Efterfrågade handlingar;AUTO;;;AUTO_GENERERAD. Bekrafta metadata mot kallfil.
ADMIN-INDEX-2026-02-27-00000000125C043F57453246863FE664CAFE6A3F0700950291EA24F0614FB6ACEDB12BF0E31D00000000010C0000950291EA24F0614FB6ACEDB12BF0E31D00002087AED90000;cmm4yuofh01kbcuqw6gymbrbx;http://localhost:8787/api/admin/requirements/documents/cmm4yuofh01kbcuqw6gymbrbx/view;"=HYPERLÄNK(""http://localhost:8787/api/admin/requirements/documents/cmm4yuofh01kbcuqw6gymbrbx/view"";""Öppna PDF"")";"=HYPERLINK(""http://localhost:8787/api/admin/requirements/documents/cmm4yuofh01kbcuqw6gymbrbx/view"",""Open PDF"")";cmm55w57p0004cuisfrtpqly8;cmm4xvu980000cuh4vj0usz09;;Kommun;;2025-103;Beslut;2026-02-03;Karta situationsplan..pdf;Ärende 2025-103;AUTO;;;AUTO_GENERERAD. Bekrafta metadata mot kallfil.
ADMIN-INDEX-2026-02-27-00000000125C043F57453246863FE664CAFE6A3F0700950291EA24F0614FB6ACEDB12BF0E31D00000000010C0000950291EA24F0614FB6ACEDB12BF0E31D00002087AEDA0000;cmm4yuof901k5cuqwyxqsxj4c;http://localhost:8787/api/admin/requirements/documents/cmm4yuof901k5cuqwyxqsxj4c/view;"=HYPERLÄNK(""http://localhost:8787/api/admin/requirements/documents/cmm4yuof901k5cuqwyxqsxj4c/view"";""Öppna PDF"")";"=HYPERLINK(""http://localhost:8787/api/admin/requirements/documents/cmm4yuof901k5cuqwyxqsxj4c/view"",""Open PDF"")";cmm55w57p0004cuisfrtpqly8;cmm4xvu980000cuh4vj0usz09;;Kommun;;2025-103;Beslut;2026-02-03;Karta situationsplan..pdf;Ärende 2025-103;AUTO;;;AUTO_GENERERAD. Bekrafta metadata mot kallfil.
ADMIN-INDEX-2026-02-27-00000000125C043F57453246863FE664CAFE6A3F0700950291EA24F0614FB6ACEDB12BF0E31D00000000010C0000950291EA24F0614FB6ACEDB12BF0E31D00002087AEDF0000;cmm4yuoez01jzcuqw7lf2nntc;http://localhost:8787/api/admin/requirements/documents/cmm4yuoez01jzcuqw7lf2nntc/view;"=HYPERLÄNK(""http://localhost:8787/api/admin/requirements/documents/cmm4yuoez01jzcuqw7lf2nntc/view"";""Öppna PDF"")";"=HYPERLINK(""http://localhost:8787/api/admin/requirements/documents/cmm4yuoez01jzcuqw7lf2nntc/view"",""Open PDF"")";cmm55w57p0004cuisfrtpqly8;cmm4xvu980000cuh4vj0usz09;pdf Karlstads;Kommun;pdf Karlstads kommun;2024-04;Anmalan;2026-02-03;Beslut på anmälan Peab Bergmotet.pdf;VB:  Begäran om utlämnande av allmän handling – Anmälningar och beslut rörande mellanlagring av avfall samt anläggning av ytor;AUTO;;;AUTO_GENERERAD. Bekrafta metadata mot kallfil.
ADMIN-INDEX-2026-02-27-00000000125C043F57453246863FE664CAFE6A3F0700950291EA24F0614FB6ACEDB12BF0E31D00000000010C0000950291EA24F0614FB6ACEDB12BF0E31D00002087AEE00000;cmm4yuoeq01jtcuqwvlf8cqjg;http://localhost:8787/api/admin/requirements/documents/cmm4yuoeq01jtcuqwvlf8cqjg/view;"=HYPERLÄNK(""http://localhost:8787/api/admin/requirements/documents/cmm4yuoeq01jtcuqwvlf8cqjg/view"";""Öppna PDF"")";"=HYPERLINK(""http://localhost:8787/api/admin/requirements/documents/cmm4yuoeq01jtcuqwvlf8cqjg/view"",""Open PDF"")";cmm55w57p0004cuisfrtpqly8;cmm4xvu980000cuh4vj0usz09;pdf Karlstads;Kommun;pdf Karlstads kommun;2024-04;Anmalan;2026-02-03;Beslut på anmälan Peab Bergmotet.pdf;VB:  Begäran om utlämnande av allmän handling – Anmälningar och beslut rörande mellanlagring av avfall samt anläggning av ytor;AUTO;;;AUTO_GENERERAD. Bekrafta metadata mot kallfil.
ADMIN-INDEX-2026-02-27-00000000125C043F57453246863FE664CAFE6A3F0700950291EA24F0614FB6ACEDB12BF0E31D00000000010C0000950291EA24F0614FB6ACEDB12BF0E31D00002087AEE10000;cmm4yuoed01jkcuqwf4yc627n;http://localhost:8787/api/admin/requirements/documents/cmm4yuoed01jkcuqwf4yc627n/view;"=HYPERLÄNK(""http://localhost:8787/api/admin/requirements/documents/cmm4yuoed01jkcuqwf4yc627n/view"";""Öppna PDF"")";"=HYPERLINK(""http://localhost:8787/api/admin/requirements/documents/cmm4yuoed01jkcuqwf4yc627n/view"",""Open PDF"")";cmm55w57p0004cuisfrtpqly8;cmm4xvu980000cuh4vj0usz09;;Kommun;;2025-01;Beslut;2026-02-03;BeslutRapportPMbetongprovOrSkolan250110_446250.pdf;Återvinning av avfall i anläggningsändamål, MIL.2025.263;AUTO;;;AUTO_GENERERAD. Bekrafta metadata mot kallfil.
ADMIN-INDEX-2026-02-27-00000000125C043F57453246863FE664CAFE6A3F0700950291EA24F0614FB6ACEDB12BF0E31D00000000010C0000950291EA24F0614FB6ACEDB12BF0E31D00002087AEE20000;cmm4yuodt01j5cuqwh07bezpo;http://localhost:8787/api/admin/requirements/documents/cmm4yuodt01j5cuqwh07bezpo/view;"=HYPERLÄNK(""http://localhost:8787/api/admin/requirements/documents/cmm4yuodt01j5cuqwh07bezpo/view"";""Öppna PDF"")";"=HYPERLINK(""http://localhost:8787/api/admin/requirements/documents/cmm4yuodt01j5cuqwh07bezpo/view"",""Open PDF"")";cmm55w57p0004cuisfrtpqly8;cmm4xvu980000cuh4vj0usz09;;Kommun;;2025-01;Beslut;2026-02-03;BeslutRapportPMbetongprovOrSkolan250110_446250.pdf;Återvinning av avfall i anläggningsändamål, MIL.2025.263;AUTO;;;AUTO_GENERERAD. Bekrafta metadata mot kallfil.
ADMIN-INDEX-2026-02-27-00000000125C043F57453246863FE664CAFE6A3F0700950291EA24F0614FB6ACEDB12BF0E31D00000000010C0000950291EA24F0614FB6ACEDB12BF0E31D00002087AEE30000;cmm4yuodd01itcuqwsu3925ep;http://localhost:8787/api/admin/requirements/documents/cmm4yuodd01itcuqwsu3925ep/view;"=HYPERLÄNK(""http://localhost:8787/api/admin/requirements/documents/cmm4yuodd01itcuqwsu3925ep/view"";""Öppna PDF"")";"=HYPERLINK(""http://localhost:8787/api/admin/requirements/documents/cmm4yuodd01itcuqwsu3925ep/view"",""Open PDF"")";cmm55w57p0004cuisfrtpqly8;cmm4xvu980000cuh4vj0usz09;;Kommun;;2024-66;Beslut;2026-02-03;Beslut om användning av avfall för anläggningsändamål.pdf;Ärende  2024-66;AUTO;;;AUTO_GENERERAD. Bekrafta metadata mot kallfil.
ADMIN-INDEX-2026-02-27-00000000125C043F57453246863FE664CAFE6A3F0700950291EA24F0614FB6ACEDB12BF0E31D00000000010C0000950291EA24F0614FB6ACEDB12BF0E31D00002087AEE40000;cmm4yuock01i5cuqwjn9rp4vs;http://localhost:8787/api/admin/requirements/documents/cmm4yuock01i5cuqwjn9rp4vs/view;"=HYPERLÄNK(""http://localhost:8787/api/admin/requirements/documents/cmm4yuock01i5cuqwjn9rp4vs/view"";""Öppna PDF"")";"=HYPERLINK(""http://localhost:8787/api/admin/requirements/documents/cmm4yuock01i5cuqwjn9rp4vs/view"",""Open PDF"")";cmm55w57p0004cuisfrtpqly8;cmm4xvu980000cuh4vj0usz09;;Kommun;;2024-66;Beslut;2026-02-03;Beslut om användning av avfall för anläggningsändamål.pdf;Ärende  2024-66;AUTO;;;AUTO_GENERERAD. Bekrafta metadata mot kallfil.
ADMIN-INDEX-2026-02-27-00000000125C043F57453246863FE664CAFE6A3F0700950291EA24F0614FB6ACEDB12BF0E31D00000000010C0000950291EA24F0614FB6ACEDB12BF0E31D00002087AEE70000;cmm4yuobl01hbcuqwnu8ceke4;http://localhost:8787/api/admin/requirements/documents/cmm4yuobl01hbcuqwnu8ceke4/view;"=HYPERLÄNK(""http://localhost:8787/api/admin/requirements/documents/cmm4yuobl01hbcuqwnu8ceke4/view"";""Öppna PDF"")";"=HYPERLINK(""http://localhost:8787/api/admin/requirements/documents/cmm4yuobl01hbcuqwnu8ceke4/view"",""Open PDF"")";cmm55w57p0004cuisfrtpqly8;cmm4xvu980000cuh4vj0usz09;;Kommun;;2023-06;Anmalan;2026-02-03;Miljöfarlig verksamhet - anmälan - 5762.pdf;Avfallsanläggning Aneby;AUTO;;;AUTO_GENERERAD. Bekrafta metadata mot kallfil.
ADMIN-INDEX-2026-02-27-00000000125C043F57453246863FE664CAFE6A3F0700950291EA24F0614FB6ACEDB12BF0E31D00000000010C0000950291EA24F0614FB6ACEDB12BF0E31D00002087AEE80000;cmm4yuobc01h2cuqwfb2borl6;http://localhost:8787/api/admin/requirements/documents/cmm4yuobc01h2cuqwfb2borl6/view;"=HYPERLÄNK(""http://localhost:8787/api/admin/requirements/documents/cmm4yuobc01h2cuqwfb2borl6/view"";""Öppna PDF"")";"=HYPERLINK(""http://localhost:8787/api/admin/requirements/documents/cmm4yuobc01h2cuqwfb2borl6/view"",""Open PDF"")";cmm55w57p0004cuisfrtpqly8;cmm4xvu980000cuh4vj0usz09;;Kommun;;2023-06;Anmalan;2026-02-03;Miljöfarlig verksamhet - anmälan - 5762.pdf;Avfallsanläggning Aneby;AUTO;;;AUTO_GENERERAD. Bekrafta metadata mot kallfil.
ADMIN-INDEX-2026-02-27-00000000125C043F57453246863FE664CAFE6A3F0700950291EA24F0614FB6ACEDB12BF0E31D00000000010C0000950291EA24F0614FB6ACEDB12BF0E31D00002087AEEB0000;cmm4yuoa601g2cuqw3hskdi0g;http://localhost:8787/api/admin/requirements/documents/cmm4yuoa601g2cuqw3hskdi0g/view;"=HYPERLÄNK(""http://localhost:8787/api/admin/requirements/documents/cmm4yuoa601g2cuqw3hskdi0g/view"";""Öppna PDF"")";"=HYPERLINK(""http://localhost:8787/api/admin/requirements/documents/cmm4yuoa601g2cuqw3hskdi0g/view"",""Open PDF"")";cmm55w57p0004cuisfrtpqly8;cmm4xvu980000cuh4vj0usz09;;Kommun;;2024-03;Beslut;2026-02-03;VAMBN-2024-557_3_2024-05-29_analys betong.pdf;Sv: till registrator [2026kc6014];AUTO;;;AUTO_GENERERAD. Bekrafta metadata mot kallfil.
ADMIN-INDEX-2026-02-27-00000000125C043F57453246863FE664CAFE6A3F0700950291EA24F0614FB6ACEDB12BF0E31D00000000010C0000950291EA24F0614FB6ACEDB12BF0E31D00002087AEEC0000;cmm4yuo8k01ewcuqw3o4xzf0h;http://localhost:8787/api/admin/requirements/documents/cmm4yuo8k01ewcuqw3o4xzf0h/view;"=HYPERLÄNK(""http://localhost:8787/api/admin/requirements/documents/cmm4yuo8k01ewcuqw3o4xzf0h/view"";""Öppna PDF"")";"=HYPERLINK(""http://localhost:8787/api/admin/requirements/documents/cmm4yuo8k01ewcuqw3o4xzf0h/view"",""Open PDF"")";cmm55w57p0004cuisfrtpqly8;cmm4xvu980000cuh4vj0usz09;;Kommun;;2024-03;Beslut;2026-02-03;VAMBN-2024-557_3_2024-05-29_analys betong.pdf;Sv: till registrator [2026kc6014];AUTO;;;AUTO_GENERERAD. Bekrafta metadata mot kallfil.
ADMIN-INDEX-2026-02-27-00000000125C043F57453246863FE664CAFE6A3F0700950291EA24F0614FB6ACEDB12BF0E31D00000000010C0000950291EA24F0614FB6ACEDB12BF0E31D00002087AEED0000;cmm4yuo7z01ehcuqwtcvxztnd;http://localhost:8787/api/admin/requirements/documents/cmm4yuo7z01ehcuqwtcvxztnd/view;"=HYPERLÄNK(""http://localhost:8787/api/admin/requirements/documents/cmm4yuo7z01ehcuqwtcvxztnd/view"";""Öppna PDF"")";"=HYPERLINK(""http://localhost:8787/api/admin/requirements/documents/cmm4yuo7z01ehcuqwtcvxztnd/view"",""Open PDF"")";cmm55w57p0004cuisfrtpqly8;cmm4xvu980000cuh4vj0usz09;;Kommun;;2025-06;Anmalan;2026-02-03;BeslutMiljohandlaggareDB440FB_456087.pdf;Anmälan om lagring av avfall,  MIL.2025.531;AUTO;;;AUTO_GENERERAD. Bekrafta metadata mot kallfil.
ADMIN-INDEX-2026-02-27-00000000125C043F57453246863FE664CAFE6A3F0700950291EA24F0614FB6ACEDB12BF0E31D00000000010C0000950291EA24F0614FB6ACEDB12BF0E31D00002087AEEE0000;cmm4yuo7901dwcuqwvikd7d0j;http://localhost:8787/api/admin/requirements/documents/cmm4yuo7901dwcuqwvikd7d0j/view;"=HYPERLÄNK(""http://localhost:8787/api/admin/requirements/documents/cmm4yuo7901dwcuqwvikd7d0j/view"";""Öppna PDF"")";"=HYPERLINK(""http://localhost:8787/api/admin/requirements/documents/cmm4yuo7901dwcuqwvikd7d0j/view"",""Open PDF"")";cmm55w57p0004cuisfrtpqly8;cmm4xvu980000cuh4vj0usz09;;Kommun;;2025-06;Anmalan;2026-02-03;BeslutMiljohandlaggareDB440FB_456087.pdf;Anmälan om lagring av avfall,  MIL.2025.531;AUTO;;;AUTO_GENERERAD. Bekrafta metadata mot kallfil.
ADMIN-INDEX-2026-02-27-00000000125C043F57453246863FE664CAFE6A3F0700950291EA24F0614FB6ACEDB12BF0E31D00000000010C0000950291EA24F0614FB6ACEDB12BF0E31D00002087AEEF0000;cmm4yuo6g01dbcuqwz2t0dw7t;http://localhost:8787/api/admin/requirements/documents/cmm4yuo6g01dbcuqwz2t0dw7t/view;"=HYPERLÄNK(""http://localhost:8787/api/admin/requirements/documents/cmm4yuo6g01dbcuqwz2t0dw7t/view"";""Öppna PDF"")";"=HYPERLINK(""http://localhost:8787/api/admin/requirements/documents/cmm4yuo6g01dbcuqwz2t0dw7t/view"",""Open PDF"")";cmm55w57p0004cuisfrtpqly8;cmm4xvu980000cuh4vj0usz09;Sundbybergs;Kommun;Sundbybergs kommun;2025-06;Beslut;2026-02-03;Masshanteringsplan v3 MIL.2025.564.pdf;Sv: till registrator;AUTO;;;AUTO_GENERERAD. Bekrafta metadata mot kallfil.
ADMIN-INDEX-2026-02-27-00000000125C043F57453246863FE664CAFE6A3F0700950291EA24F0614FB6ACEDB12BF0E31D00000000010C0000950291EA24F0614FB6ACEDB12BF0E31D00002087AEF00000;cmm4yuo5o01ctcuqwke7dio7y;http://localhost:8787/api/admin/requirements/documents/cmm4yuo5o01ctcuqwke7dio7y/view;"=HYPERLÄNK(""http://localhost:8787/api/admin/requirements/documents/cmm4yuo5o01ctcuqwke7dio7y/view"";""Öppna PDF"")";"=HYPERLINK(""http://localhost:8787/api/admin/requirements/documents/cmm4yuo5o01ctcuqwke7dio7y/view"",""Open PDF"")";cmm55w57p0004cuisfrtpqly8;cmm4xvu980000cuh4vj0usz09;Sundbybergs;Kommun;Sundbybergs kommun;2025-06;Beslut;2026-02-03;Masshanteringsplan v3 MIL.2025.564.pdf;Sv: till registrator;AUTO;;;AUTO_GENERERAD. Bekrafta metadata mot kallfil.
ADMIN-INDEX-2026-02-27-00000000125C043F57453246863FE664CAFE6A3F0700950291EA24F0614FB6ACEDB12BF0E31D00000000010C0000950291EA24F0614FB6ACEDB12BF0E31D00002087AEF10000;cmm4yuo5601cbcuqwam1x6ve1;http://localhost:8787/api/admin/requirements/documents/cmm4yuo5601cbcuqwam1x6ve1/view;"=HYPERLÄNK(""http://localhost:8787/api/admin/requirements/documents/cmm4yuo5601cbcuqwam1x6ve1/view"";""Öppna PDF"")";"=HYPERLINK(""http://localhost:8787/api/admin/requirements/documents/cmm4yuo5601cbcuqwam1x6ve1/view"",""Open PDF"")";cmm55w57p0004cuisfrtpqly8;cmm4xvu980000cuh4vj0usz09;se Säters;Kommun;se Säters kommun;0225-55;Beslut;2026-02-03;2025-05-05 Beslut (dnr 2025-191).pdf;Sv: till registrator - Begäran av allmän handling;AUTO;;;AUTO_GENERERAD. Bekrafta metadata mot kallfil.
ADMIN-INDEX-2026-02-27-00000000125C043F57453246863FE664CAFE6A3F0700950291EA24F0614FB6ACEDB12BF0E31D00000000010C0000950291EA24F0614FB6ACEDB12BF0E31D00002087AEF20000;cmm4yuo4a01bkcuqwn0oorufq;http://localhost:8787/api/admin/requirements/documents/cmm4yuo4a01bkcuqwn0oorufq/view;"=HYPERLÄNK(""http://localhost:8787/api/admin/requirements/documents/cmm4yuo4a01bkcuqwn0oorufq/view"";""Öppna PDF"")";"=HYPERLINK(""http://localhost:8787/api/admin/requirements/documents/cmm4yuo4a01bkcuqwn0oorufq/view"",""Open PDF"")";cmm55w57p0004cuisfrtpqly8;cmm4xvu980000cuh4vj0usz09;se Säters;Kommun;se Säters kommun;0225-55;Beslut;2026-02-03;2025-05-05 Beslut (dnr 2025-191).pdf;Sv: till registrator - Begäran av allmän handling;AUTO;;;AUTO_GENERERAD. Bekrafta metadata mot kallfil.
ADMIN-INDEX-2026-02-27-00000000125C043F57453246863FE664CAFE6A3F0700950291EA24F0614FB6ACEDB12BF0E31D00000000010C0000950291EA24F0614FB6ACEDB12BF0E31D00002087AEF30000;cmm4yuo3f01atcuqwn97e7vzm;http://localhost:8787/api/admin/requirements/documents/cmm4yuo3f01atcuqwn97e7vzm/view;"=HYPERLÄNK(""http://localhost:8787/api/admin/requirements/documents/cmm4yuo3f01atcuqwn97e7vzm/view"";""Öppna PDF"")";"=HYPERLINK(""http://localhost:8787/api/admin/requirements/documents/cmm4yuo3f01atcuqwn97e7vzm/view"",""Open PDF"")";cmm55w57p0004cuisfrtpqly8;cmm4xvu980000cuh4vj0usz09;nummer Webbadress Enköpings;Kommun;nummer Webbadress Enköpings kommun;2026-02;Beslut;2026-02-03;MIL20242313pdf_976561.pdf;Begäran om allmän handling i ärende  MIL.2026.363;AUTO;;;AUTO_GENERERAD. Bekrafta metadata mot kallfil.
ADMIN-INDEX-2026-02-27-00000000125C043F57453246863FE664CAFE6A3F0700950291EA24F0614FB6ACEDB12BF0E31D00000000010C0000950291EA24F0614FB6ACEDB12BF0E31D00002087AEF40000;cmm4yuo2v01aecuqwrs33d0lp;http://localhost:8787/api/admin/requirements/documents/cmm4yuo2v01aecuqwrs33d0lp/view;"=HYPERLÄNK(""http://localhost:8787/api/admin/requirements/documents/cmm4yuo2v01aecuqwrs33d0lp/view"";""Öppna PDF"")";"=HYPERLINK(""http://localhost:8787/api/admin/requirements/documents/cmm4yuo2v01aecuqwrs33d0lp/view"",""Open PDF"")";cmm55w57p0004cuisfrtpqly8;cmm4xvu980000cuh4vj0usz09;nummer Webbadress Enköpings;Kommun;nummer Webbadress Enköpings kommun;2026-02;Beslut;2026-02-03;MIL20242313pdf_976561.pdf;Begäran om allmän handling i ärende  MIL.2026.363;AUTO;;;AUTO_GENERERAD. Bekrafta metadata mot kallfil.
ADMIN-INDEX-2026-02-27-00000000125C043F57453246863FE664CAFE6A3F0700950291EA24F0614FB6ACEDB12BF0E31D00000000010C0000950291EA24F0614FB6ACEDB12BF0E31D00002087AEF50000;cmm4yuo2e019zcuqw2jcty2mf;http://localhost:8787/api/admin/requirements/documents/cmm4yuo2e019zcuqw2jcty2mf/view;"=HYPERLÄNK(""http://localhost:8787/api/admin/requirements/documents/cmm4yuo2e019zcuqw2jcty2mf/view"";""Öppna PDF"")";"=HYPERLINK(""http://localhost:8787/api/admin/requirements/documents/cmm4yuo2e019zcuqw2jcty2mf/view"",""Open PDF"")";cmm55w57p0004cuisfrtpqly8;cmm4xvu980000cuh4vj0usz09;nummer Webbadress Enköpings;Kommun;nummer Webbadress Enköpings kommun;2026-02;Beslut;2026-02-03;MIL2024526pdf_976554.pdf;Begäran om allmän handling i ärende  MIL.2026.363;AUTO;;;AUTO_GENERERAD. Bekrafta metadata mot kallfil.
ADMIN-INDEX-2026-02-27-00000000125C043F57453246863FE664CAFE6A3F0700950291EA24F0614FB6ACEDB12BF0E31D00000000010C0000950291EA24F0614FB6ACEDB12BF0E31D00002087AEF60000;cmm4yuo22019ncuqwfc19cfnc;http://localhost:8787/api/admin/requirements/documents/cmm4yuo22019ncuqwfc19cfnc/view;"=HYPERLÄNK(""http://localhost:8787/api/admin/requirements/documents/cmm4yuo22019ncuqwfc19cfnc/view"";""Öppna PDF"")";"=HYPERLINK(""http://localhost:8787/api/admin/requirements/documents/cmm4yuo22019ncuqwfc19cfnc/view"",""Open PDF"")";cmm55w57p0004cuisfrtpqly8;cmm4xvu980000cuh4vj0usz09;nummer Webbadress Enköpings;Kommun;nummer Webbadress Enköpings kommun;2026-02;Beslut;2026-02-03;MIL2024526pdf_976554.pdf;Begäran om allmän handling i ärende  MIL.2026.363;AUTO;;;AUTO_GENERERAD. Bekrafta metadata mot kallfil.
ADMIN-INDEX-2026-02-27-00000000125C043F57453246863FE664CAFE6A3F0700950291EA24F0614FB6ACEDB12BF0E31D00000000010C0000950291EA24F0614FB6ACEDB12BF0E31D00002087AEF70000;cmm4yuo1l0198cuqwfklwg66t;http://localhost:8787/api/admin/requirements/documents/cmm4yuo1l0198cuqwfklwg66t/view;"=HYPERLÄNK(""http://localhost:8787/api/admin/requirements/documents/cmm4yuo1l0198cuqwfklwg66t/view"";""Öppna PDF"")";"=HYPERLINK(""http://localhost:8787/api/admin/requirements/documents/cmm4yuo1l0198cuqwfklwg66t/view"",""Open PDF"")";cmm55w57p0004cuisfrtpqly8;cmm4xvu980000cuh4vj0usz09;;Kommun;;2004:62;Anmalan;2026-02-03;2025-12-01 Anmälan (dnr 2025-515).pdf;Sv: till registrator - Begäran av allmän handling;AUTO;;;AUTO_GENERERAD. Bekrafta metadata mot kallfil.
ADMIN-INDEX-2026-02-27-00000000125C043F57453246863FE664CAFE6A3F0700950291EA24F0614FB6ACEDB12BF0E31D00000000010C0000950291EA24F0614FB6ACEDB12BF0E31D00002087AEF80000;cmm4yuo0n018ecuqwgykqcb0s;http://localhost:8787/api/admin/requirements/documents/cmm4yuo0n018ecuqwgykqcb0s/view;"=HYPERLÄNK(""http://localhost:8787/api/admin/requirements/documents/cmm4yuo0n018ecuqwgykqcb0s/view"";""Öppna PDF"")";"=HYPERLINK(""http://localhost:8787/api/admin/requirements/documents/cmm4yuo0n018ecuqwgykqcb0s/view"",""Open PDF"")";cmm55w57p0004cuisfrtpqly8;cmm4xvu980000cuh4vj0usz09;;Kommun;;2004:62;Anmalan;2026-02-03;2025-12-01 Anmälan (dnr 2025-515).pdf;Sv: till registrator - Begäran av allmän handling;AUTO;;;AUTO_GENERERAD. Bekrafta metadata mot kallfil.
ADMIN-INDEX-2026-02-27-00000000125C043F57453246863FE664CAFE6A3F0700950291EA24F0614FB6ACEDB12BF0E31D00000000010C0000950291EA24F0614FB6ACEDB12BF0E31D00002087AEF90000;cmm4yunzq017ncuqwppmobksj;http://localhost:8787/api/admin/requirements/documents/cmm4yunzq017ncuqwppmobksj/view;"=HYPERLÄNK(""http://localhost:8787/api/admin/requirements/documents/cmm4yunzq017ncuqwppmobksj/view"";""Öppna PDF"")";"=HYPERLINK(""http://localhost:8787/api/admin/requirements/documents/cmm4yunzq017ncuqwppmobksj/view"",""Open PDF"")";cmm55w57p0004cuisfrtpqly8;cmm4xvu980000cuh4vj0usz09;;Kommun;;2022/1163;Beslut;2026-02-03;Avgiftstaxa.pdf;Utlämnande av allmänna handlingar;AUTO;;;AUTO_GENERERAD. Bekrafta metadata mot kallfil.
ADMIN-INDEX-2026-02-27-00000000125C043F57453246863FE664CAFE6A3F0700950291EA24F0614FB6ACEDB12BF0E31D00000000010C0000950291EA24F0614FB6ACEDB12BF0E31D00002087AEFA0000;cmm4yunzn017kcuqw4gxt3o5h;http://localhost:8787/api/admin/requirements/documents/cmm4yunzn017kcuqw4gxt3o5h/view;"=HYPERLÄNK(""http://localhost:8787/api/admin/requirements/documents/cmm4yunzn017kcuqw4gxt3o5h/view"";""Öppna PDF"")";"=HYPERLINK(""http://localhost:8787/api/admin/requirements/documents/cmm4yunzn017kcuqw4gxt3o5h/view"",""Open PDF"")";cmm55w57p0004cuisfrtpqly8;cmm4xvu980000cuh4vj0usz09;;Kommun;;2022/1163;Beslut;2026-02-03;Avgiftstaxa.pdf;Utlämnande av allmänna handlingar;AUTO;;;AUTO_GENERERAD. Bekrafta metadata mot kallfil.
ADMIN-INDEX-2026-02-27-00000000125C043F57453246863FE664CAFE6A3F0700950291EA24F0614FB6ACEDB12BF0E31D00000000010C0000950291EA24F0614FB6ACEDB12BF0E31D00002087AEFB0000;cmm4yunzk017hcuqw4gd878mw;http://localhost:8787/api/admin/requirements/documents/cmm4yunzk017hcuqw4gd878mw/view;"=HYPERLÄNK(""http://localhost:8787/api/admin/requirements/documents/cmm4yunzk017hcuqw4gd878mw/view"";""Öppna PDF"")";"=HYPERLINK(""http://localhost:8787/api/admin/requirements/documents/cmm4yunzk017hcuqw4gd878mw/view"",""Open PDF"")";cmm55w57p0004cuisfrtpqly8;cmm4xvu980000cuh4vj0usz09;Samhällsbyggnadsnämnden Beslut Gnesta;Kommun;Samhällsbyggnadsnämnden Beslut Gnesta kommun;2025-02;Beslut;2026-02-03;MIL2024149_2026-02-03.pdf;VB: Mejl från kommunens gemensamma mejlkorg [2026GT3137];AUTO;;;AUTO_GENERERAD. Bekrafta metadata mot kallfil.
ADMIN-INDEX-2026-02-27-00000000125C043F57453246863FE664CAFE6A3F0700950291EA24F0614FB6ACEDB12BF0E31D00000000010C0000950291EA24F0614FB6ACEDB12BF0E31D00002087AEFC0000;cmm4yunze017bcuqwnizar72s;http://localhost:8787/api/admin/requirements/documents/cmm4yunze017bcuqwnizar72s/view;"=HYPERLÄNK(""http://localhost:8787/api/admin/requirements/documents/cmm4yunze017bcuqwnizar72s/view"";""Öppna PDF"")";"=HYPERLINK(""http://localhost:8787/api/admin/requirements/documents/cmm4yunze017bcuqwnizar72s/view"",""Open PDF"")";cmm55w57p0004cuisfrtpqly8;cmm4xvu980000cuh4vj0usz09;Samhällsbyggnadsnämnden Beslut Gnesta;Kommun;Samhällsbyggnadsnämnden Beslut Gnesta kommun;2025-02;Beslut;2026-02-03;MIL2024149_2026-02-03.pdf;VB: Mejl från kommunens gemensamma mejlkorg [2026GT3137];AUTO;;;AUTO_GENERERAD. Bekrafta metadata mot kallfil.
ADMIN-INDEX-2026-02-27-00000000125C043F57453246863FE664CAFE6A3F0700950291EA24F0614FB6ACEDB12BF0E31D00000000010C0000950291EA24F0614FB6ACEDB12BF0E31D00002087AF050000;cmm4yunz0016zcuqw452huqhy;http://localhost:8787/api/admin/requirements/documents/cmm4yunz0016zcuqw452huqhy/view;"=HYPERLÄNK(""http://localhost:8787/api/admin/requirements/documents/cmm4yunz0016zcuqw452huqhy/view"";""Öppna PDF"")";"=HYPERLINK(""http://localhost:8787/api/admin/requirements/documents/cmm4yunz0016zcuqw452huqhy/view"",""Open PDF"")";cmm55w57p0004cuisfrtpqly8;cmm4xvu980000cuh4vj0usz09;i Osby;Kommun;i Osby kommun;0479-52;Beslut;2026-02-03;Ramen_4_beslut.pdf;Sv: till registrator;AUTO;;;AUTO_GENERERAD. Bekrafta metadata mot kallfil.
ADMIN-INDEX-2026-02-27-00000000125C043F57453246863FE664CAFE6A3F0700950291EA24F0614FB6ACEDB12BF0E31D00000000010C0000950291EA24F0614FB6ACEDB12BF0E31D00002087AF060000;cmm4yuny10162cuqwmghj3oaq;http://localhost:8787/api/admin/requirements/documents/cmm4yuny10162cuqwmghj3oaq/view;"=HYPERLÄNK(""http://localhost:8787/api/admin/requirements/documents/cmm4yuny10162cuqwmghj3oaq/view"";""Öppna PDF"")";"=HYPERLINK(""http://localhost:8787/api/admin/requirements/documents/cmm4yuny10162cuqwmghj3oaq/view"",""Open PDF"")";cmm55w57p0004cuisfrtpqly8;cmm4xvu980000cuh4vj0usz09;i Osby;Kommun;i Osby kommun;0479-52;Beslut;2026-02-03;Ramen_4_beslut.pdf;Sv: till registrator;AUTO;;;AUTO_GENERERAD. Bekrafta metadata mot kallfil.
ADMIN-INDEX-2026-02-27-00000000125C043F57453246863FE664CAFE6A3F0700950291EA24F0614FB6ACEDB12BF0E31D00000000010C0000950291EA24F0614FB6ACEDB12BF0E31D00002087AF070000;cmm4yunww014wcuqwr4qcrzmq;http://localhost:8787/api/admin/requirements/documents/cmm4yunww014wcuqwr4qcrzmq/view;"=HYPERLÄNK(""http://localhost:8787/api/admin/requirements/documents/cmm4yunww014wcuqwr4qcrzmq/view"";""Öppna PDF"")";"=HYPERLINK(""http://localhost:8787/api/admin/requirements/documents/cmm4yunww014wcuqwr4qcrzmq/view"",""Open PDF"")";cmm55w57p0004cuisfrtpqly8;cmm4xvu980000cuh4vj0usz09;i Karlskrona;Kommun;i Karlskrona kommun;0455-32;Anmalan;2026-02-03;MSN-2024-1016_2024-03-06_MSN-2022-4871_2023-02-16_Beslut_(2).pdf;Handlingar rörande anmälningspliktiga verksamheter (C verksamheter);AUTO;;;AUTO_GENERERAD. Bekrafta metadata mot kallfil.
ADMIN-INDEX-2026-02-27-00000000125C043F57453246863FE664CAFE6A3F0700950291EA24F0614FB6ACEDB12BF0E31D00000000010C0000950291EA24F0614FB6ACEDB12BF0E31D00002087AF080000;cmm4yunvp013kcuqwu71ju9j0;http://localhost:8787/api/admin/requirements/documents/cmm4yunvp013kcuqwu71ju9j0/view;"=HYPERLÄNK(""http://localhost:8787/api/admin/requirements/documents/cmm4yunvp013kcuqwu71ju9j0/view"";""Öppna PDF"")";"=HYPERLINK(""http://localhost:8787/api/admin/requirements/documents/cmm4yunvp013kcuqwu71ju9j0/view"",""Open PDF"")";cmm55w57p0004cuisfrtpqly8;cmm4xvu980000cuh4vj0usz09;i Karlskrona;Kommun;i Karlskrona kommun;0455-32;Anmalan;2026-02-03;MSN-2024-1016_2024-03-06_MSN-2022-4871_2023-02-16_Beslut_(2).pdf;Handlingar rörande anmälningspliktiga verksamheter (C verksamheter);AUTO;;;AUTO_GENERERAD. Bekrafta metadata mot kallfil.
ADMIN-INDEX-2026-02-27-00000000125C043F57453246863FE664CAFE6A3F0700950291EA24F0614FB6ACEDB12BF0E31D00000000010C0000950291EA24F0614FB6ACEDB12BF0E31D00002087AF090000;cmm4yunuo012hcuqwci7zdqkj;http://localhost:8787/api/admin/requirements/documents/cmm4yunuo012hcuqwci7zdqkj/view;"=HYPERLÄNK(""http://localhost:8787/api/admin/requirements/documents/cmm4yunuo012hcuqwci7zdqkj/view"";""Öppna PDF"")";"=HYPERLINK(""http://localhost:8787/api/admin/requirements/documents/cmm4yunuo012hcuqwci7zdqkj/view"",""Open PDF"")";cmm55w57p0004cuisfrtpqly8;cmm4xvu980000cuh4vj0usz09;;Kommun;;2025-02;Komplettering;2026-02-03;E-post med kompletterande svar från Swerock.pdf;Sv: till registrator;AUTO;;;AUTO_GENERERAD. Bekrafta metadata mot kallfil.
ADMIN-INDEX-2026-02-27-00000000125C043F57453246863FE664CAFE6A3F0700950291EA24F0614FB6ACEDB12BF0E31D00000000010C0000950291EA24F0614FB6ACEDB12BF0E31D00002087AF0A0000;cmm4yunt0010ncuqwxpd0eacl;http://localhost:8787/api/admin/requirements/documents/cmm4yunt0010ncuqwxpd0eacl/view;"=HYPERLÄNK(""http://localhost:8787/api/admin/requirements/documents/cmm4yunt0010ncuqwxpd0eacl/view"";""Öppna PDF"")";"=HYPERLINK(""http://localhost:8787/api/admin/requirements/documents/cmm4yunt0010ncuqwxpd0eacl/view"",""Open PDF"")";cmm55w57p0004cuisfrtpqly8;cmm4xvu980000cuh4vj0usz09;;Kommun;;2025-02;Komplettering;2026-02-03;E-post med kompletterande svar från Swerock.pdf;Sv: till registrator;AUTO;;;AUTO_GENERERAD. Bekrafta metadata mot kallfil.
ADMIN-INDEX-2026-02-27-00000000125C043F57453246863FE664CAFE6A3F0700950291EA24F0614FB6ACEDB12BF0E31D00000000010C0000950291EA24F0614FB6ACEDB12BF0E31D00002087AF0B0000;cmm4yunr800ytcuqwwfwmk330;http://localhost:8787/api/admin/requirements/documents/cmm4yunr800ytcuqwwfwmk330/view;"=HYPERLÄNK(""http://localhost:8787/api/admin/requirements/documents/cmm4yunr800ytcuqwwfwmk330/view"";""Öppna PDF"")";"=HYPERLINK(""http://localhost:8787/api/admin/requirements/documents/cmm4yunr800ytcuqwwfwmk330/view"",""Open PDF"")";cmm55w57p0004cuisfrtpqly8;cmm4xvu980000cuh4vj0usz09;re;Kommun;re kommun;2026-02;Beslut;2026-02-03;MIL.2025.629.pdf;Sv: till registrator;AUTO;;;AUTO_GENERERAD. Bekrafta metadata mot kallfil.
ADMIN-INDEX-2026-02-27-00000000125C043F57453246863FE664CAFE6A3F0700950291EA24F0614FB6ACEDB12BF0E31D00000000010C0000950291EA24F0614FB6ACEDB12BF0E31D00002087AF0C0000;cmm4yunr000ykcuqwr4euonza;http://localhost:8787/api/admin/requirements/documents/cmm4yunr000ykcuqwr4euonza/view;"=HYPERLÄNK(""http://localhost:8787/api/admin/requirements/documents/cmm4yunr000ykcuqwr4euonza/view"";""Öppna PDF"")";"=HYPERLINK(""http://localhost:8787/api/admin/requirements/documents/cmm4yunr000ykcuqwr4euonza/view"",""Open PDF"")";cmm55w57p0004cuisfrtpqly8;cmm4xvu980000cuh4vj0usz09;re;Kommun;re kommun;2026-02;Beslut;2026-02-03;MIL.2025.629.pdf;Sv: till registrator;AUTO;;;AUTO_GENERERAD. Bekrafta metadata mot kallfil.
ADMIN-INDEX-2026-02-27-00000000125C043F57453246863FE664CAFE6A3F0700950291EA24F0614FB6ACEDB12BF0E31D00000000010C0000950291EA24F0614FB6ACEDB12BF0E31D00002087AF110000;cmm4yunqr00ybcuqwkt0vyb2o;http://localhost:8787/api/admin/requirements/documents/cmm4yunqr00ybcuqwkt0vyb2o/view;"=HYPERLÄNK(""http://localhost:8787/api/admin/requirements/documents/cmm4yunqr00ybcuqwkt0vyb2o/view"";""Öppna PDF"")";"=HYPERLINK(""http://localhost:8787/api/admin/requirements/documents/cmm4yunqr00ybcuqwkt0vyb2o/view"",""Open PDF"")";cmm55w57p0004cuisfrtpqly8;cmm4xvu980000cuh4vj0usz09;Filipstads;Kommun;Filipstads kommun;2025-235;Beslut;2026-02-03;Beslut Mossen.pdf;till registrator;AUTO;;;AUTO_GENERERAD. Bekrafta metadata mot kallfil.
ADMIN-INDEX-2026-02-27-00000000125C043F57453246863FE664CAFE6A3F0700950291EA24F0614FB6ACEDB12BF0E31D00000000010C0000950291EA24F0614FB6ACEDB12BF0E31D00002087AF120000;cmm4yunq500xncuqwxnsgzop8;http://localhost:8787/api/admin/requirements/documents/cmm4yunq500xncuqwxnsgzop8/view;"=HYPERLÄNK(""http://localhost:8787/api/admin/requirements/documents/cmm4yunq500xncuqwxnsgzop8/view"";""Öppna PDF"")";"=HYPERLINK(""http://localhost:8787/api/admin/requirements/documents/cmm4yunq500xncuqwxnsgzop8/view"",""Open PDF"")";cmm55w57p0004cuisfrtpqly8;cmm4xvu980000cuh4vj0usz09;Filipstads;Kommun;Filipstads kommun;2025-235;Beslut;2026-02-03;Beslut Mossen.pdf;till registrator;AUTO;;;AUTO_GENERERAD. Bekrafta metadata mot kallfil.
ADMIN-INDEX-2026-02-27-00000000125C043F57453246863FE664CAFE6A3F0700950291EA24F0614FB6ACEDB12BF0E31D00000000010C0000950291EA24F0614FB6ACEDB12BF0E31D00002087B1720000;cmm4yunpb00wzcuqw0xf5ut8v;http://localhost:8787/api/admin/requirements/documents/cmm4yunpb00wzcuqw0xf5ut8v/view;"=HYPERLÄNK(""http://localhost:8787/api/admin/requirements/documents/cmm4yunpb00wzcuqw0xf5ut8v/view"";""Öppna PDF"")";"=HYPERLINK(""http://localhost:8787/api/admin/requirements/documents/cmm4yunpb00wzcuqw0xf5ut8v/view"",""Open PDF"")";cmm55w57p0004cuisfrtpqly8;cmm4xvu980000cuh4vj0usz09;Besöksadress Telefon E-post Webb Tranås;Kommun;Besöksadress Telefon E-post Webb Tranås kommun;2025-10;Forelaggande;2026-02-03;M-2025-829--Föreläggande enligt miljöbalken .pdf;handlingar;AUTO;;;AUTO_GENERERAD. Bekrafta metadata mot kallfil.
ADMIN-INDEX-2026-02-27-00000000125C043F57453246863FE664CAFE6A3F0700950291EA24F0614FB6ACEDB12BF0E31D00000000010C0000950291EA24F0614FB6ACEDB12BF0E31D00002087B1730000;cmm4yunoj00w5cuqw91w6ft7m;http://localhost:8787/api/admin/requirements/documents/cmm4yunoj00w5cuqw91w6ft7m/view;"=HYPERLÄNK(""http://localhost:8787/api/admin/requirements/documents/cmm4yunoj00w5cuqw91w6ft7m/view"";""Öppna PDF"")";"=HYPERLINK(""http://localhost:8787/api/admin/requirements/documents/cmm4yunoj00w5cuqw91w6ft7m/view"",""Open PDF"")";cmm55w57p0004cuisfrtpqly8;cmm4xvu980000cuh4vj0usz09;Besöksadress Telefon E-post Webb Tranås;Kommun;Besöksadress Telefon E-post Webb Tranås kommun;2025-10;Forelaggande;2026-02-03;M-2025-829--Föreläggande enligt miljöbalken .pdf;handlingar;AUTO;;;AUTO_GENERERAD. Bekrafta metadata mot kallfil.
ADMIN-INDEX-2026-02-27-00000000125C043F57453246863FE664CAFE6A3F0700950291EA24F0614FB6ACEDB12BF0E31D00000000010C0000950291EA24F0614FB6ACEDB12BF0E31D00002087B1780000;cmm4yunnf00v2cuqwy7slxvjp;http://localhost:8787/api/admin/requirements/documents/cmm4yunnf00v2cuqwy7slxvjp/view;"=HYPERLÄNK(""http://localhost:8787/api/admin/requirements/documents/cmm4yunnf00v2cuqwy7slxvjp/view"";""Öppna PDF"")";"=HYPERLINK(""http://localhost:8787/api/admin/requirements/documents/cmm4yunnf00v2cuqwy7slxvjp/view"",""Open PDF"")";cmm55w57p0004cuisfrtpqly8;cmm4xvu980000cuh4vj0usz09;org nr Valdemarsviks;Kommun;org nr Valdemarsviks kommun;2025-01;Beslut;2026-02-03;MBNV-2024-602_2025-01-24_Beslut Miljöfarlig verksamhet.pdf;SV: till registrator;AUTO;;;AUTO_GENERERAD. Bekrafta metadata mot kallfil.
ADMIN-INDEX-2026-02-27-00000000125C043F57453246863FE664CAFE6A3F0700950291EA24F0614FB6ACEDB12BF0E31D00000000010C0000950291EA24F0614FB6ACEDB12BF0E31D00002087B17A0000;cmm4yunma00ttcuqwanbvb8ob;http://localhost:8787/api/admin/requirements/documents/cmm4yunma00ttcuqwanbvb8ob/view;"=HYPERLÄNK(""http://localhost:8787/api/admin/requirements/documents/cmm4yunma00ttcuqwanbvb8ob/view"";""Öppna PDF"")";"=HYPERLINK(""http://localhost:8787/api/admin/requirements/documents/cmm4yunma00ttcuqwanbvb8ob/view"",""Open PDF"")";cmm55w57p0004cuisfrtpqly8;cmm4xvu980000cuh4vj0usz09;Besöksadress Telefon E-post Webb Tranås;Kommun;Besöksadress Telefon E-post Webb Tranås kommun;2025-12;Forelaggande;2026-02-03;M-2025-911-6-Föreläggande försiktighetsmått.pdf;Handlingar;AUTO;;;AUTO_GENERERAD. Bekrafta metadata mot kallfil.
ADMIN-INDEX-2026-02-27-00000000125C043F57453246863FE664CAFE6A3F0700950291EA24F0614FB6ACEDB12BF0E31D00000000010C0000950291EA24F0614FB6ACEDB12BF0E31D00002087B17B0000;cmm4yunls00tbcuqwdvin6pe1;http://localhost:8787/api/admin/requirements/documents/cmm4yunls00tbcuqwdvin6pe1/view;"=HYPERLÄNK(""http://localhost:8787/api/admin/requirements/documents/cmm4yunls00tbcuqwdvin6pe1/view"";""Öppna PDF"")";"=HYPERLINK(""http://localhost:8787/api/admin/requirements/documents/cmm4yunls00tbcuqwdvin6pe1/view"",""Open PDF"")";cmm55w57p0004cuisfrtpqly8;cmm4xvu980000cuh4vj0usz09;Besöksadress Telefon E-post Webb Tranås;Kommun;Besöksadress Telefon E-post Webb Tranås kommun;2025-12;Forelaggande;2026-02-03;M-2025-911-6-Föreläggande försiktighetsmått.pdf;Handlingar;AUTO;;;AUTO_GENERERAD. Bekrafta metadata mot kallfil.
ADMIN-INDEX-2026-02-27-00000000125C043F57453246863FE664CAFE6A3F0700950291EA24F0614FB6ACEDB12BF0E31D00000000010C0000950291EA24F0614FB6ACEDB12BF0E31D00002087B1860000;cmm4yunlb00stcuqw956bj2gh;http://localhost:8787/api/admin/requirements/documents/cmm4yunlb00stcuqw956bj2gh/view;"=HYPERLÄNK(""http://localhost:8787/api/admin/requirements/documents/cmm4yunlb00stcuqw956bj2gh/view"";""Öppna PDF"")";"=HYPERLINK(""http://localhost:8787/api/admin/requirements/documents/cmm4yunlb00stcuqw956bj2gh/view"",""Open PDF"")";cmm55w57p0004cuisfrtpqly8;cmm4xvu980000cuh4vj0usz09;;Kommun;;2026-02;Beslut;2026-02-03;MIL2024916pdf_976512.pdf;Begäran om allmän handling i ärende  MIL.2026.363;AUTO;;;AUTO_GENERERAD. Bekrafta metadata mot kallfil.
ADMIN-INDEX-2026-02-27-00000000125C043F57453246863FE664CAFE6A3F0700950291EA24F0614FB6ACEDB12BF0E31D00000000010C0000950291EA24F0614FB6ACEDB12BF0E31D00002087B1870000;cmm4yunks00sbcuqwfzxlz1mj;http://localhost:8787/api/admin/requirements/documents/cmm4yunks00sbcuqwfzxlz1mj/view;"=HYPERLÄNK(""http://localhost:8787/api/admin/requirements/documents/cmm4yunks00sbcuqwfzxlz1mj/view"";""Öppna PDF"")";"=HYPERLINK(""http://localhost:8787/api/admin/requirements/documents/cmm4yunks00sbcuqwfzxlz1mj/view"",""Open PDF"")";cmm55w57p0004cuisfrtpqly8;cmm4xvu980000cuh4vj0usz09;;Kommun;;2026-02;Beslut;2026-02-03;MIL20242459pdf_976503.pdf;Begäran om allmän handling i ärende  MIL.2026.363;AUTO;;;AUTO_GENERERAD. Bekrafta metadata mot kallfil.
ADMIN-INDEX-2026-02-27-00000000125C043F57453246863FE664CAFE6A3F0700950291EA24F0614FB6ACEDB12BF0E31D00000000010C0000950291EA24F0614FB6ACEDB12BF0E31D00002087B1880000;cmm4yunkf00rwcuqw0lvn1jq7;http://localhost:8787/api/admin/requirements/documents/cmm4yunkf00rwcuqw0lvn1jq7/view;"=HYPERLÄNK(""http://localhost:8787/api/admin/requirements/documents/cmm4yunkf00rwcuqw0lvn1jq7/view"";""Öppna PDF"")";"=HYPERLINK(""http://localhost:8787/api/admin/requirements/documents/cmm4yunkf00rwcuqw0lvn1jq7/view"",""Open PDF"")";cmm55w57p0004cuisfrtpqly8;cmm4xvu980000cuh4vj0usz09;;Kommun;;2026-01;Beslut;2026-02-03;251117-MMAVANLAN-BB20.pdf;VB: till registrator;AUTO;;;AUTO_GENERERAD. Bekrafta metadata mot kallfil.
ADMIN-INDEX-2026-02-27-00000000125C043F57453246863FE664CAFE6A3F0700950291EA24F0614FB6ACEDB12BF0E31D00000000010C0000950291EA24F0614FB6ACEDB12BF0E31D00002087B1890000;cmm4yunk400rkcuqw69tecqiq;http://localhost:8787/api/admin/requirements/documents/cmm4yunk400rkcuqw69tecqiq/view;"=HYPERLÄNK(""http://localhost:8787/api/admin/requirements/documents/cmm4yunk400rkcuqw69tecqiq/view"";""Öppna PDF"")";"=HYPERLINK(""http://localhost:8787/api/admin/requirements/documents/cmm4yunk400rkcuqw69tecqiq/view"",""Open PDF"")";cmm55w57p0004cuisfrtpqly8;cmm4xvu980000cuh4vj0usz09;;Kommun;;2026-02;Beslut;2026-02-03;MIL20242200pdf_976497.pdf;Begäran om allmän handling i ärende  MIL.2026.363;AUTO;;;AUTO_GENERERAD. Bekrafta metadata mot kallfil.
ADMIN-INDEX-2026-02-27-00000000125C043F57453246863FE664CAFE6A3F0700950291EA24F0614FB6ACEDB12BF0E31D00000000010C0000950291EA24F0614FB6ACEDB12BF0E31D00002087B18A0000;cmm4yunjq00r5cuqwww7lwlot;http://localhost:8787/api/admin/requirements/documents/cmm4yunjq00r5cuqwww7lwlot/view;"=HYPERLÄNK(""http://localhost:8787/api/admin/requirements/documents/cmm4yunjq00r5cuqwww7lwlot/view"";""Öppna PDF"")";"=HYPERLINK(""http://localhost:8787/api/admin/requirements/documents/cmm4yunjq00r5cuqwww7lwlot/view"",""Open PDF"")";cmm55w57p0004cuisfrtpqly8;cmm4xvu980000cuh4vj0usz09;;Kommun;;2026-02;Beslut;2026-02-03;MIL20241945pdf_976490.pdf;Begäran om allmän handling i ärende  MIL.2026.363;AUTO;;;AUTO_GENERERAD. Bekrafta metadata mot kallfil.
ADMIN-INDEX-2026-02-27-00000000125C043F57453246863FE664CAFE6A3F0700950291EA24F0614FB6ACEDB12BF0E31D00000000010C0000950291EA24F0614FB6ACEDB12BF0E31D00002087B18B0000;cmm4yunj900qncuqwft59g6w3;http://localhost:8787/api/admin/requirements/documents/cmm4yunj900qncuqwft59g6w3/view;"=HYPERLÄNK(""http://localhost:8787/api/admin/requirements/documents/cmm4yunj900qncuqwft59g6w3/view"";""Öppna PDF"")";"=HYPERLINK(""http://localhost:8787/api/admin/requirements/documents/cmm4yunj900qncuqwft59g6w3/view"",""Open PDF"")";cmm55w57p0004cuisfrtpqly8;cmm4xvu980000cuh4vj0usz09;pdf Eksjö;Kommun;pdf Eksjö kommun;0381-360;Forelaggande;2026-02-03;SBS-2024-215-14 Föreläggande om försiktighetsmått.pdf;Sv: Anmälningspliktiga verksamheter 2024;AUTO;;;AUTO_GENERERAD. Bekrafta metadata mot kallfil.
ADMIN-INDEX-2026-02-27-00000000125C043F57453246863FE664CAFE6A3F0700950291EA24F0614FB6ACEDB12BF0E31D00000000010C0000950291EA24F0614FB6ACEDB12BF0E31D00002087B18F0000;cmm4yunij00pzcuqwrgd8gy2r;http://localhost:8787/api/admin/requirements/documents/cmm4yunij00pzcuqwrgd8gy2r/view;"=HYPERLÄNK(""http://localhost:8787/api/admin/requirements/documents/cmm4yunij00pzcuqwrgd8gy2r/view"";""Öppna PDF"")";"=HYPERLINK(""http://localhost:8787/api/admin/requirements/documents/cmm4yunij00pzcuqwrgd8gy2r/view"",""Open PDF"")";cmm55w57p0004cuisfrtpqly8;cmm4xvu980000cuh4vj0usz09;Miljö- och byggförvaltningen Strömstads;Kommun;Miljö- och byggförvaltningen Strömstads kommun;0526-190;Anmalan;2026-02-03;MBN-2024-1724 1 Anmälan.pdf;Sv: Begäran om handlingar;AUTO;;;AUTO_GENERERAD. Bekrafta metadata mot kallfil.
ADMIN-INDEX-2026-02-27-00000000125C043F57453246863FE664CAFE6A3F0700950291EA24F0614FB6ACEDB12BF0E31D00000000010C0000950291EA24F0614FB6ACEDB12BF0E31D00002087B1900000;cmm4yuni000pecuqws2rdrrnl;http://localhost:8787/api/admin/requirements/documents/cmm4yuni000pecuqws2rdrrnl/view;"=HYPERLÄNK(""http://localhost:8787/api/admin/requirements/documents/cmm4yuni000pecuqws2rdrrnl/view"";""Öppna PDF"")";"=HYPERLINK(""http://localhost:8787/api/admin/requirements/documents/cmm4yuni000pecuqws2rdrrnl/view"",""Open PDF"")";cmm55w57p0004cuisfrtpqly8;cmm4xvu980000cuh4vj0usz09;;Kommun;;2026-131;Beslut;2026-02-03;Skrivelse.pdf;Ärende 2026-131 - Begäran om allmän handling;AUTO;;;AUTO_GENERERAD. Bekrafta metadata mot kallfil.
ADMIN-INDEX-2026-02-27-00000000125C043F57453246863FE664CAFE6A3F0700950291EA24F0614FB6ACEDB12BF0E31D00000000010C0000950291EA24F0614FB6ACEDB12BF0E31D00002087B1910000;cmm4yunhm00ozcuqwjronl8jb;http://localhost:8787/api/admin/requirements/documents/cmm4yunhm00ozcuqwjronl8jb/view;"=HYPERLÄNK(""http://localhost:8787/api/admin/requirements/documents/cmm4yunhm00ozcuqwjronl8jb/view"";""Öppna PDF"")";"=HYPERLINK(""http://localhost:8787/api/admin/requirements/documents/cmm4yunhm00ozcuqwjronl8jb/view"",""Open PDF"")";cmm55w57p0004cuisfrtpqly8;cmm4xvu980000cuh4vj0usz09;Habo;Kommun;Habo kommun;2023-03;Beslut;2026-02-03;M-2024-946 Samrådsredogöresel.pdf;Svar på förfrågan;AUTO;;;AUTO_GENERERAD. Bekrafta metadata mot kallfil.
ADMIN-INDEX-2026-02-27-00000000125C043F57453246863FE664CAFE6A3F0700950291EA24F0614FB6ACEDB12BF0E31D00000000010C0000950291EA24F0614FB6ACEDB12BF0E31D00002087B1940000;cmm4yungv00o8cuqw12bz63zv;http://localhost:8787/api/admin/requirements/documents/cmm4yungv00o8cuqw12bz63zv/view;"=HYPERLÄNK(""http://localhost:8787/api/admin/requirements/documents/cmm4yungv00o8cuqw12bz63zv/view"";""Öppna PDF"")";"=HYPERLINK(""http://localhost:8787/api/admin/requirements/documents/cmm4yungv00o8cuqw12bz63zv/view"",""Open PDF"")";cmm55w57p0004cuisfrtpqly8;cmm4xvu980000cuh4vj0usz09;;Kommun;;2026-02;Beslut;2026-02-03;MIL20241784pdf_976480.pdf;Begäran om allmän handling i ärende  MIL.2026.363;AUTO;;;AUTO_GENERERAD. Bekrafta metadata mot kallfil.
ADMIN-INDEX-2026-02-27-00000000125C043F57453246863FE664CAFE6A3F0700950291EA24F0614FB6ACEDB12BF0E31D00000000010C0000950291EA24F0614FB6ACEDB12BF0E31D00002087B1950000;cmm4yungg00ntcuqwtnya0ayu;http://localhost:8787/api/admin/requirements/documents/cmm4yungg00ntcuqwtnya0ayu/view;"=HYPERLÄNK(""http://localhost:8787/api/admin/requirements/documents/cmm4yungg00ntcuqwtnya0ayu/view"";""Öppna PDF"")";"=HYPERLINK(""http://localhost:8787/api/admin/requirements/documents/cmm4yungg00ntcuqwtnya0ayu/view"",""Open PDF"")";cmm55w57p0004cuisfrtpqly8;cmm4xvu980000cuh4vj0usz09;;Kommun;;2026-02;Beslut;2026-02-03;MIL20241501pdf_976472.pdf;Begäran om allmän handling i ärende  MIL.2026.363;AUTO;;;AUTO_GENERERAD. Bekrafta metadata mot kallfil.
ADMIN-INDEX-2026-02-27-00000000125C043F57453246863FE664CAFE6A3F0700950291EA24F0614FB6ACEDB12BF0E31D00000000010C0000950291EA24F0614FB6ACEDB12BF0E31D00002087B1960000;cmm4yung100necuqw0m62sood;http://localhost:8787/api/admin/requirements/documents/cmm4yung100necuqw0m62sood/view;"=HYPERLÄNK(""http://localhost:8787/api/admin/requirements/documents/cmm4yung100necuqw0m62sood/view"";""Öppna PDF"")";"=HYPERLINK(""http://localhost:8787/api/admin/requirements/documents/cmm4yung100necuqw0m62sood/view"",""Open PDF"")";cmm55w57p0004cuisfrtpqly8;cmm4xvu980000cuh4vj0usz09;;Kommun;;2026-02;Beslut;2026-02-03;MIL20241002pdf_976462.pdf;Begäran om allmän handling i ärende  MIL.2026.363;AUTO;;;AUTO_GENERERAD. Bekrafta metadata mot kallfil.
ADMIN-INDEX-2026-02-27-00000000125C043F57453246863FE664CAFE6A3F0700950291EA24F0614FB6ACEDB12BF0E31D00000000010C0000950291EA24F0614FB6ACEDB12BF0E31D00002087B1990000;cmm4yunfo00mzcuqw73fk9pto;http://localhost:8787/api/admin/requirements/documents/cmm4yunfo00mzcuqw73fk9pto/view;"=HYPERLÄNK(""http://localhost:8787/api/admin/requirements/documents/cmm4yunfo00mzcuqw73fk9pto/view"";""Öppna PDF"")";"=HYPERLINK(""http://localhost:8787/api/admin/requirements/documents/cmm4yunfo00mzcuqw73fk9pto/view"",""Open PDF"")";cmm55w57p0004cuisfrtpqly8;cmm4xvu980000cuh4vj0usz09;;Kommun;;2026-02;Beslut;2026-02-03;MIL20252663pdf_976455.pdf;Begäran om allmän handling i ärende  MIL.2026.363;AUTO;;;AUTO_GENERERAD. Bekrafta metadata mot kallfil.
ADMIN-INDEX-2026-02-27-00000000125C043F57453246863FE664CAFE6A3F0700950291EA24F0614FB6ACEDB12BF0E31D00000000010C0000950291EA24F0614FB6ACEDB12BF0E31D00002087B19E0000;cmm4yunfa00mkcuqwszi30pu4;http://localhost:8787/api/admin/requirements/documents/cmm4yunfa00mkcuqwszi30pu4/view;"=HYPERLÄNK(""http://localhost:8787/api/admin/requirements/documents/cmm4yunfa00mkcuqwszi30pu4/view"";""Öppna PDF"")";"=HYPERLINK(""http://localhost:8787/api/admin/requirements/documents/cmm4yunfa00mkcuqwszi30pu4/view"",""Open PDF"")";cmm55w57p0004cuisfrtpqly8;cmm4xvu980000cuh4vj0usz09;;Kommun;;2026-02;Beslut;2026-02-03;MIL2025161.pdf;Begäran om allmän handling;AUTO;;;AUTO_GENERERAD. Bekrafta metadata mot kallfil.
ADMIN-INDEX-2026-02-27-00000000125C043F57453246863FE664CAFE6A3F0700950291EA24F0614FB6ACEDB12BF0E31D00000000010C0000950291EA24F0614FB6ACEDB12BF0E31D00002087B19F0000;cmm4yunf100mbcuqwnj91q6k9;http://localhost:8787/api/admin/requirements/documents/cmm4yunf100mbcuqwnj91q6k9/view;"=HYPERLÄNK(""http://localhost:8787/api/admin/requirements/documents/cmm4yunf100mbcuqwnj91q6k9/view"";""Öppna PDF"")";"=HYPERLINK(""http://localhost:8787/api/admin/requirements/documents/cmm4yunf100mbcuqwnj91q6k9/view"",""Open PDF"")";cmm55w57p0004cuisfrtpqly8;cmm4xvu980000cuh4vj0usz09;;Kommun;;2026-02;Beslut;2026-02-03;MIL20252496pdf_976448.pdf;Begäran om allmän handling i ärende  MIL.2026.363;AUTO;;;AUTO_GENERERAD. Bekrafta metadata mot kallfil.
ADMIN-INDEX-2026-02-27-00000000125C043F57453246863FE664CAFE6A3F0700950291EA24F0614FB6ACEDB12BF0E31D00000000010C0000950291EA24F0614FB6ACEDB12BF0E31D00002087B1A00000;cmm4yunek00lwcuqwvgwjc3hk;http://localhost:8787/api/admin/requirements/documents/cmm4yunek00lwcuqwvgwjc3hk/view;"=HYPERLÄNK(""http://localhost:8787/api/admin/requirements/documents/cmm4yunek00lwcuqwvgwjc3hk/view"";""Öppna PDF"")";"=HYPERLINK(""http://localhost:8787/api/admin/requirements/documents/cmm4yunek00lwcuqwvgwjc3hk/view"",""Open PDF"")";cmm55w57p0004cuisfrtpqly8;cmm4xvu980000cuh4vj0usz09;;Kommun;;2026-02;Beslut;2026-02-03;MIL20252312pdf_976442.pdf;Begäran om allmän handling i ärende  MIL.2026.363;AUTO;;;AUTO_GENERERAD. Bekrafta metadata mot kallfil.
ADMIN-INDEX-2026-02-27-00000000125C043F57453246863FE664CAFE6A3F0700950291EA24F0614FB6ACEDB12BF0E31D00000000010C0000950291EA24F0614FB6ACEDB12BF0E31D00002087B1A10000;cmm4yune500lhcuqwffhmdwrd;http://localhost:8787/api/admin/requirements/documents/cmm4yune500lhcuqwffhmdwrd/view;"=HYPERLÄNK(""http://localhost:8787/api/admin/requirements/documents/cmm4yune500lhcuqwffhmdwrd/view"";""Öppna PDF"")";"=HYPERLINK(""http://localhost:8787/api/admin/requirements/documents/cmm4yune500lhcuqwffhmdwrd/view"",""Open PDF"")";cmm55w57p0004cuisfrtpqly8;cmm4xvu980000cuh4vj0usz09;Kiruna;Kommun;Kiruna kommun;25/11;Anmalan;2026-02-03;M-2026-22.pdf;Sv:  Begäran om utlämnande av allmän handling – Anmälningar och beslut rörande mellanlagring av avfall samt anläggning av ytor;AUTO;;;AUTO_GENERERAD. Bekrafta metadata mot kallfil.
ADMIN-INDEX-2026-02-27-00000000125C043F57453246863FE664CAFE6A3F0700950291EA24F0614FB6ACEDB12BF0E31D00000000010C0000950291EA24F0614FB6ACEDB12BF0E31D00002087B1A20000;cmm4yundi00ktcuqwvjlbmpum;http://localhost:8787/api/admin/requirements/documents/cmm4yundi00ktcuqwvjlbmpum/view;"=HYPERLÄNK(""http://localhost:8787/api/admin/requirements/documents/cmm4yundi00ktcuqwvjlbmpum/view"";""Öppna PDF"")";"=HYPERLINK(""http://localhost:8787/api/admin/requirements/documents/cmm4yundi00ktcuqwvjlbmpum/view"",""Open PDF"")";cmm55w57p0004cuisfrtpqly8;cmm4xvu980000cuh4vj0usz09;;Kommun;;2026-02;Beslut;2026-02-03;MIL20252223pdf_976436.pdf;Begäran om allmän handling i ärende  MIL.2026.363;AUTO;;;AUTO_GENERERAD. Bekrafta metadata mot kallfil.
ADMIN-INDEX-2026-02-27-00000000125C043F57453246863FE664CAFE6A3F0700950291EA24F0614FB6ACEDB12BF0E31D00000000010C0000950291EA24F0614FB6ACEDB12BF0E31D00002087B1A30000;cmm4yund300kecuqwfso38qa5;http://localhost:8787/api/admin/requirements/documents/cmm4yund300kecuqwfso38qa5/view;"=HYPERLÄNK(""http://localhost:8787/api/admin/requirements/documents/cmm4yund300kecuqwfso38qa5/view"";""Öppna PDF"")";"=HYPERLINK(""http://localhost:8787/api/admin/requirements/documents/cmm4yund300kecuqwfso38qa5/view"",""Open PDF"")";cmm55w57p0004cuisfrtpqly8;cmm4xvu980000cuh4vj0usz09;;Kommun;;2026-02;Beslut;2026-02-03;MIL20251805pdf_976430.pdf;Begäran om allmän handling i ärende  MIL.2026.363;AUTO;;;AUTO_GENERERAD. Bekrafta metadata mot kallfil.
ADMIN-INDEX-2026-02-27-00000000125C043F57453246863FE664CAFE6A3F0700950291EA24F0614FB6ACEDB12BF0E31D00000000010C0000950291EA24F0614FB6ACEDB12BF0E31D00002087B1B00000;cmm4yuncm00jwcuqwryebpuil;http://localhost:8787/api/admin/requirements/documents/cmm4yuncm00jwcuqwryebpuil/view;"=HYPERLÄNK(""http://localhost:8787/api/admin/requirements/documents/cmm4yuncm00jwcuqwryebpuil/view"";""Öppna PDF"")";"=HYPERLINK(""http://localhost:8787/api/admin/requirements/documents/cmm4yuncm00jwcuqwryebpuil/view"",""Open PDF"")";cmm55w57p0004cuisfrtpqly8;cmm4xvu980000cuh4vj0usz09;;Kommun;;2026-02;Beslut;2026-02-03;MIL20251366pdf_976418.pdf;Begäran om allmän handling i ärende  MIL.2026.363;AUTO;;;AUTO_GENERERAD. Bekrafta metadata mot kallfil.
ADMIN-INDEX-2026-02-27-00000000125C043F57453246863FE664CAFE6A3F0700950291EA24F0614FB6ACEDB12BF0E31D00000000010C0000950291EA24F0614FB6ACEDB12BF0E31D00002087B1B10000;cmm4yunc600jhcuqwnyewlxum;http://localhost:8787/api/admin/requirements/documents/cmm4yunc600jhcuqwnyewlxum/view;"=HYPERLÄNK(""http://localhost:8787/api/admin/requirements/documents/cmm4yunc600jhcuqwnyewlxum/view"";""Öppna PDF"")";"=HYPERLINK(""http://localhost:8787/api/admin/requirements/documents/cmm4yunc600jhcuqwnyewlxum/view"",""Open PDF"")";cmm55w57p0004cuisfrtpqly8;cmm4xvu980000cuh4vj0usz09;;Kommun;;2026-02;Beslut;2026-02-03;MIL20251175pdf_976410.pdf;Begäran om allmän handling i ärende  MIL.2026.363;AUTO;;;AUTO_GENERERAD. Bekrafta metadata mot kallfil.
ADMIN-INDEX-2026-02-27-00000000125C043F57453246863FE664CAFE6A3F0700950291EA24F0614FB6ACEDB12BF0E31D00000000010C0000950291EA24F0614FB6ACEDB12BF0E31D00002087B1B60000;cmm4yunbq00j2cuqwgbsnihxf;http://localhost:8787/api/admin/requirements/documents/cmm4yunbq00j2cuqwgbsnihxf/view;"=HYPERLÄNK(""http://localhost:8787/api/admin/requirements/documents/cmm4yunbq00j2cuqwgbsnihxf/view"";""Öppna PDF"")";"=HYPERLINK(""http://localhost:8787/api/admin/requirements/documents/cmm4yunbq00j2cuqwgbsnihxf/view"",""Open PDF"")";cmm55w57p0004cuisfrtpqly8;cmm4xvu980000cuh4vj0usz09;;Kommun;;2024-02;Beslut;2026-02-03;Tallbacken1.pdf;VB: [2026KCSK8665] till registrator;AUTO;;;AUTO_GENERERAD. Bekrafta metadata mot kallfil.
ADMIN-INDEX-2026-02-27-00000000125C043F57453246863FE664CAFE6A3F0700950291EA24F0614FB6ACEDB12BF0E31D00000000010C0000950291EA24F0614FB6ACEDB12BF0E31D00002087B1B70000;cmm4yunbj00iwcuqw4yabxmjg;http://localhost:8787/api/admin/requirements/documents/cmm4yunbj00iwcuqw4yabxmjg/view;"=HYPERLÄNK(""http://localhost:8787/api/admin/requirements/documents/cmm4yunbj00iwcuqw4yabxmjg/view"";""Öppna PDF"")";"=HYPERLINK(""http://localhost:8787/api/admin/requirements/documents/cmm4yunbj00iwcuqw4yabxmjg/view"",""Open PDF"")";cmm55w57p0004cuisfrtpqly8;cmm4xvu980000cuh4vj0usz09;pdf Diariekort Torsby;Kommun;pdf Diariekort Torsby kommun;2026-02;Beslut;2026-02-03;Ärende 2024-93.pdf;Sv: till registrator;AUTO;;;AUTO_GENERERAD. Bekrafta metadata mot kallfil.
ADMIN-INDEX-2026-02-27-00000000125C043F57453246863FE664CAFE6A3F0700950291EA24F0614FB6ACEDB12BF0E31D00000000010C0000950291EA24F0614FB6ACEDB12BF0E31D00002087B1B80000;cmm4yunbg00itcuqw517f1gbl;http://localhost:8787/api/admin/requirements/documents/cmm4yunbg00itcuqw517f1gbl/view;"=HYPERLÄNK(""http://localhost:8787/api/admin/requirements/documents/cmm4yunbg00itcuqw517f1gbl/view"";""Öppna PDF"")";"=HYPERLINK(""http://localhost:8787/api/admin/requirements/documents/cmm4yunbg00itcuqw517f1gbl/view"",""Open PDF"")";cmm55w57p0004cuisfrtpqly8;cmm4xvu980000cuh4vj0usz09;;Kommun;;2025-12;Anmalan;2026-02-03;MF In 2025-12-22 Sv_ Ändringsanmälan Dalby_ Rälsen 3.pdf;Begärda handlingar;AUTO;;;AUTO_GENERERAD. Bekrafta metadata mot kallfil.
ADMIN-INDEX-2026-02-27-00000000125C043F57453246863FE664CAFE6A3F0700950291EA24F0614FB6ACEDB12BF0E31D00000000010C0000950291EA24F0614FB6ACEDB12BF0E31D00002087B1B90000;cmm4yunae00hzcuqwnui6ixvv;http://localhost:8787/api/admin/requirements/documents/cmm4yunae00hzcuqwnui6ixvv/view;"=HYPERLÄNK(""http://localhost:8787/api/admin/requirements/documents/cmm4yunae00hzcuqwnui6ixvv/view"";""Öppna PDF"")";"=HYPERLINK(""http://localhost:8787/api/admin/requirements/documents/cmm4yunae00hzcuqwnui6ixvv/view"",""Open PDF"")";cmm55w57p0004cuisfrtpqly8;cmm4xvu980000cuh4vj0usz09;pdf Postadress Härnösands;Kommun;pdf Postadress Härnösands kommun;0611-34;Beslut;2026-02-03;SAM-2025-1751.3227..pdf;Sv: till registrator;AUTO;;;AUTO_GENERERAD. Bekrafta metadata mot kallfil.
ADMIN-INDEX-2026-02-27-00000000125C043F57453246863FE664CAFE6A3F0700950291EA24F0614FB6ACEDB12BF0E31D00000000010C0000950291EA24F0614FB6ACEDB12BF0E31D00002087B1C20000;cmm4yuna800htcuqw71t1am01;http://localhost:8787/api/admin/requirements/documents/cmm4yuna800htcuqw71t1am01/view;"=HYPERLÄNK(""http://localhost:8787/api/admin/requirements/documents/cmm4yuna800htcuqw71t1am01/view"";""Öppna PDF"")";"=HYPERLINK(""http://localhost:8787/api/admin/requirements/documents/cmm4yuna800htcuqw71t1am01/view"",""Open PDF"")";cmm55w57p0004cuisfrtpqly8;cmm4xvu980000cuh4vj0usz09;;Kommun;;2025-12081039;Beslut;2026-02-03;260201-Massor.pdf;efterfrågade handlingar;AUTO;;;AUTO_GENERERAD. Bekrafta metadata mot kallfil.
ADMIN-INDEX-2026-02-27-00000000125C043F57453246863FE664CAFE6A3F0700950291EA24F0614FB6ACEDB12BF0E31D00000000010C0000950291EA24F0614FB6ACEDB12BF0E31D00002087B1C90000;cmm4yun8t00gkcuqw5rjsk96c;http://localhost:8787/api/admin/requirements/documents/cmm4yun8t00gkcuqw5rjsk96c/view;"=HYPERLÄNK(""http://localhost:8787/api/admin/requirements/documents/cmm4yun8t00gkcuqw5rjsk96c/view"";""Öppna PDF"")";"=HYPERLINK(""http://localhost:8787/api/admin/requirements/documents/cmm4yun8t00gkcuqw5rjsk96c/view"",""Open PDF"")";cmm55w57p0004cuisfrtpqly8;cmm4xvu980000cuh4vj0usz09;se Postadress Falkenbergs;Kommun;se Postadress Falkenbergs kommun;2025-05;Beslut;2026-02-03;M-2025-1682_2025-05-16_Beslut (MHF MHN)_Skogstorp 4 148.pdf;efterfrågade handlingar;AUTO;;;AUTO_GENERERAD. Bekrafta metadata mot kallfil.
ADMIN-INDEX-2026-02-27-00000000125C043F57453246863FE664CAFE6A3F0700950291EA24F0614FB6ACEDB12BF0E31D00000000010C0000950291EA24F0614FB6ACEDB12BF0E31D00002087B1CA0000;cmm4yun6j00etcuqwhdlqrqoa;http://localhost:8787/api/admin/requirements/documents/cmm4yun6j00etcuqwhdlqrqoa/view;"=HYPERLÄNK(""http://localhost:8787/api/admin/requirements/documents/cmm4yun6j00etcuqwhdlqrqoa/view"";""Öppna PDF"")";"=HYPERLINK(""http://localhost:8787/api/admin/requirements/documents/cmm4yun6j00etcuqwhdlqrqoa/view"",""Open PDF"")";cmm55w57p0004cuisfrtpqly8;cmm4xvu980000cuh4vj0usz09;Falkenberg Postadress Falkenbergs;Kommun;Falkenberg Postadress Falkenbergs kommun;2025-02;Beslut;2026-02-03;M-2024-2848_2025-01-02_Beslut (MHF MHN)_Magasinet 1.pdf;Efterfrågade handlingar;AUTO;;;AUTO_GENERERAD. Bekrafta metadata mot kallfil.
ADMIN-INDEX-2026-02-27-00000000125C043F57453246863FE664CAFE6A3F0700950291EA24F0614FB6ACEDB12BF0E31D00000000010C0000950291EA24F0614FB6ACEDB12BF0E31D00002087B1CB0000;cmm4yun4m00cwcuqwobgswces;http://localhost:8787/api/admin/requirements/documents/cmm4yun4m00cwcuqwobgswces/view;"=HYPERLÄNK(""http://localhost:8787/api/admin/requirements/documents/cmm4yun4m00cwcuqwobgswces/view"";""Öppna PDF"")";"=HYPERLINK(""http://localhost:8787/api/admin/requirements/documents/cmm4yun4m00cwcuqwobgswces/view"",""Open PDF"")";cmm55w57p0004cuisfrtpqly8;cmm4xvu980000cuh4vj0usz09;pdf Falkenbergs;Kommun;pdf Falkenbergs kommun;0346-88;Beslut;2026-02-03;Slutrapport.pdf;Efterfrågade handlingar;AUTO;;;AUTO_GENERERAD. Bekrafta metadata mot kallfil.
ADMIN-INDEX-2026-02-27-00000000125C043F57453246863FE664CAFE6A3F0700950291EA24F0614FB6ACEDB12BF0E31D00000000010C0000950291EA24F0614FB6ACEDB12BF0E31D00002087B1CC0000;cmm4yun2p00awcuqwzeoe9qe9;http://localhost:8787/api/admin/requirements/documents/cmm4yun2p00awcuqwzeoe9qe9/view;"=HYPERLÄNK(""http://localhost:8787/api/admin/requirements/documents/cmm4yun2p00awcuqwzeoe9qe9/view"";""Öppna PDF"")";"=HYPERLINK(""http://localhost:8787/api/admin/requirements/documents/cmm4yun2p00awcuqwzeoe9qe9/view"",""Open PDF"")";cmm55w57p0004cuisfrtpqly8;cmm4xvu980000cuh4vj0usz09;pdf Karlstads;Kommun;pdf Karlstads kommun;2024-04;Beslut;2026-02-03;Beslut Älvenäs.pdf;Beslut Älvenäs;AUTO;;;AUTO_GENERERAD. Bekrafta metadata mot kallfil.
ADMIN-INDEX-2026-02-27-00000000125C043F57453246863FE664CAFE6A3F0700950291EA24F0614FB6ACEDB12BF0E31D00000000010C0000950291EA24F0614FB6ACEDB12BF0E31D00002087B1CD0000;cmm4yun2m00atcuqwuhkm1gwg;http://localhost:8787/api/admin/requirements/documents/cmm4yun2m00atcuqwuhkm1gwg/view;"=HYPERLÄNK(""http://localhost:8787/api/admin/requirements/documents/cmm4yun2m00atcuqwuhkm1gwg/view"";""Öppna PDF"")";"=HYPERLINK(""http://localhost:8787/api/admin/requirements/documents/cmm4yun2m00atcuqwuhkm1gwg/view"",""Open PDF"")";cmm55w57p0004cuisfrtpqly8;cmm4xvu980000cuh4vj0usz09;com Postadress Falkenbergs;Kommun;com Postadress Falkenbergs kommun;2024-10;Beslut;2026-02-03;M-2024-2114_2024-09-27_Beslut (MHF MHN)_Vinberg 2 82.pdf;Efterfrågade handlingar;AUTO;;;AUTO_GENERERAD. Bekrafta metadata mot kallfil.
ADMIN-INDEX-2026-02-27-00000000125C043F57453246863FE664CAFE6A3F0700950291EA24F0614FB6ACEDB12BF0E31D00000000010C0000950291EA24F0614FB6ACEDB12BF0E31D00002087B1D00000;cmm4yun100095cuqwa7q19sxt;http://localhost:8787/api/admin/requirements/documents/cmm4yun100095cuqwa7q19sxt/view;"=HYPERLÄNK(""http://localhost:8787/api/admin/requirements/documents/cmm4yun100095cuqwa7q19sxt/view"";""Öppna PDF"")";"=HYPERLINK(""http://localhost:8787/api/admin/requirements/documents/cmm4yun100095cuqwa7q19sxt/view"",""Open PDF"")";cmm55w57p0004cuisfrtpqly8;cmm4xvu980000cuh4vj0usz09;Malmbäck Postadress Falkenbergs;Kommun;Malmbäck Postadress Falkenbergs kommun;2025-02;Beslut;2026-02-03;M-2025-671_2025-02-14_Beslut (MHF MHN)_Tröinge 6 70.pdf;Efterfrågade handlingar;AUTO;;;AUTO_GENERERAD. Bekrafta metadata mot kallfil.
